2996826391,室陽一朗
2003320940,野畑凌
2140726447,福原杏
2442822830,見越彬央
2339132654,中島良美
2338922826,本橋孝太
2164421338,加藤和博
2261840845,木間塚龍
2080523439,増田充宏
2502922522,岡村裕基
2278925104,秋元耕成
2272420063,保園翔也
2502927425,七夕裕次
2589533909,篠谷葵
2058121496,岡村健司
2174620063,高橋哲也
2774328169,藤江渉
2126030495,千野稜真
2788826007,森泰斗
2338921496,吉留孝司
2105620161,国分祐仁
2202019968,實川純一
2402932764,笹川翼
2351520154,吉原寛人
2251112471,Ｍ．ミシ
2569827835,和田譲治
2548822763,山崎誠士
2080939340,仲野光馬
2495023455,半澤慶実
2045221705,橋本直哉
2641235347,御神本訓
2859622823,笠野雄大
2696520037,佐野遥久
2184322826,西啓太
2253020449,山林堂信
2045224076,町田直希
2128032724,池谷匠翔
2957222826,落合玄太
2501024422,野澤憲彦
2282336628,庄司大輔
2694824357,山口達弥
2103338596,内田利雄
2454425104,今野忠成
2084521705,澤田龍哉
2248712512,Ｃ．デム
2011723398,酒井学
2164429983,横山和生
2591920063,松戸政也
2809222826,菅原涼太
2602022823,今井貴大
2795736637,望月洵輝
2106933909,木之前葵
2355820154,横井将人
2444921566,塚本征吾
2859731456,大畑雅章
2103324449,加藤利征
2493524735,大畑慧悟
2121334382,丸野勝虎
2286519968,加藤聡一
2800921496,大原浩司
2081136637,丹羽克輝
2709635488,岡部誠
2495024735,長江慶悟
2547520108,加藤誓二
2434427193,村上弘樹
2997930643,宮下瞳
2623421490,細川智史
2272422826,友森翔太
2119120171,筒井勇介
2107738596,山田祥雄
2145629983,尾崎章生
2622822823,明星晴大
2140732724,柿原翔
2709639423,長谷部駿
2418431056,松本幸祐
2871633322,廣瀬航
2623427915,吉村智洋
2049521566,大山真吾
2035519968,高畑皓一
2107734892,鴨宮祥行
2640819990,佐々木世
2282322320,松木大地
2982733756,塩津璃菜
2996830495,大柿一真
2168224076,山本咲希
2069323439,笹田知宏
2058122826,杉浦健太
2908722826,土方颯太
2253038911,石堂響
2164424184,渡瀬和幸
2928722826,小牧太
2276429590,長尾翼玖
2694820063,竹村達也
2749119968,川原正一
2140729702,下原理
2602022763,中田貴士
2802335488,新庄海誠
2160824179,小谷周平
2362722826,山本屋太
2732622830,板野央
2418522826,井上幹太
2591419977,田野豊三
2338920856,永井孝典
2978738899,坂井瑛音
2997824525,村上忍
2502919968,坂口裕一
2809220154,塚本涼人
2473637324,高橋悠里
2237824910,大坪慎
2640831056,鈴木祐
2649420142,高松亮
2286521705,山本聡哉
2641228147,関本淳
2352120426,阿部英俊
2640824535,佐々木志
2678424499,菅原辰徳
2599123792,陶文峰
2591932865,山本政聡
2641224604,岩本怜
2347820840,南郷家全
2000026114,張田昂
2000022823,岡田大
2969426249,藤本現暉
2103324184,高橋利幸
2282332724,山本大翔
2749137325,本田正重
2164424076,赤津和希
2084527425,達城龍次
2246312450,Ｒ．クア
2617924179,葛山晃平
2282619968,鈴木太一
2560924515,魚住謙心
2131522830,兼子千央
2874530007,沖静男
2434438534,甲賀弘隆
2282327827,栗原大河
2617928009,吉田晃浩
2119120108,岩橋勇二
2749132681,青柳正義
2651920940,小林凌
2247820037,平瀬城久
2084520063,中島龍也
2119130495,柴田勇真
2048930693,米倉知
2272439340,加藤翔馬
2366529287,向山牧
2402924910,東川慎
2418529983,藤原幹生
2602020043,森島貴之
2145220063,渡辺竜也
2232127835,馬渕繁治
2732724179,柿本量平
2640820581,高木健
2644733457,深澤杏花
2611939340,金山昇馬
2709640845,阿部龍
2084522826,大山龍太
2662821916,西村栄喜
2859630495,加藤雄真
2286532000,山本聡紀
2473621892,東原悠善
2521138520,鷹見陸
2282329983,仲原大生
2913132724,加茂飛翔
2529920154,出水拓人
2403029579,中山蓮王
2379825299,川島拓
2282327193,青海大樹
2045220154,田中直人
2402928872,及川烈
2485926007,飛田愛斗
2147521234,山口勲
2491023558,石川慎将
2151324505,竹吉徹
2402920525,石川倭
2691420161,長田進仁
2997620108,小松丈二
2001332020,田中純
2268136020,山田義貴
2560919968,西謙一
2045227193,中山直樹
2996827193,菊池一樹
2749433251,阿部武臣
2794126032,島津新
2997831456,村上章
2103336020,金田利貴
2282638525,中村太陽
2410120154,船山蔵人
2469320171,鈴木恵介
2058120161,赤塚健仁
2140733545,竹ヶ原茉
2131523563,今井千尋
2355822826,西将太
2451536335,渡来心路
2116820811,松本秀克
2641221280,藤本匠
2418422826,長澤幸太
2424725991,林康文
2081139423,鮫島克駿
2796020108,西塚洸二
2151940594,高杉吏麒
2025132210,長浜鴻緒
2105627425,丹内祐次
2814536947,石神深道
2000033756,河原田菜
2080327671,丸山元気
2427626032,斎藤新
2802332764,川端海翼
2529937070,石田拓郎
2094022823,小林凌大
2306526007,小林脩斗
2241412394,永島まな
2049532724,土田真翔
2001320581,田中健
2285631298,古川奈穂
2282336637,松本大輝
2468520171,国分恭介
2245212523,ドイル
2427638597,武藤雅
2265439378,小林美駒
2732626997,荻野極
2282320161,小沢大仁
2219020063,小崎綾也
2820124515,亀田温心
2434420154,黛弘人
2732632724,上野翔
2115230690,小牧加矢
2282637070,草野太郎
2140722317,大江原圭
2996839340,森一馬
2372124736,黒岩悠
2282638597,田村太雅
2814519968,石神深一
2108320581,難波剛健
2080924076,金子光希
2388838596,五十嵐雄
2119120142,江田勇亮
2548820154,杉原誠人
2107722826,加藤祥太
2285422856,今村聖奈
2696330495,泉谷楓真
2858820154,吉田隼人
2111820161,長岡禎仁
2612633391,菅原明良
2749421490,横山武史
2034325104,三浦皇成
2245912531,マーカン
2529924357,大野拓弥
2502932000,石川裕紀
2151327915,古川吉洋
2424735488,岩田康誠
2077820171,原優介
2202027425,嶋田純次
2502920449,田辺裕信
2403920063,木幡巧也
2721133065,石橋脩
2202020108,岩部純二
2343921496,北村宏司
2602024535,藤懸貴志
2282330693,柴田大知
2473622826,野中悠太
2294620063,木幡育也
2749128023,松岡正海
2133824184,内田博幸
2282321644,角田大和
2903130007,江田照男
2077820063,水口優也
2403730495,伊藤工真
2127126007,宮崎北斗
2749435914,武豊
2979226143,坂井瑠星
2352126126,幸英明
2231722826,戸崎圭太
2247912523,シュタル
2438222826,鷲頭虎太
2077820316,国分優作
2548820043,吉村誠之
2434424179,松山弘平
2282325104,団野大成
2639526469,岩田望来
2973030495,荻野琢真
2125227193,秋山稔樹
2601122826,田口貫太
2662824422,川須栄彦
2502920108,中井裕二
2030520171,藤岡佑介
2048931260,高倉稜
2000032764,和田翼
2254012523,ルメール
2145119968,北村友一
2085624344,横山典弘
2814720063,西村淳也
2001320426,浜中俊
2254012450,ムーア
2355838597,川田将雅
2268125919,城戸義政
2282624076,橋木太希
2612631168,津村明秀
2184320171,太宰啓介
2189233251,柴田善臣
2353821490,服部茂史
2049526126,桑村真明
2028020063,松井伸也
2046227425,赤岡修次
2978722826,井上瑛太
2264535488,多田羅誠
2490423578,城野慈尚
2560920305,林謙佑
2252221987,阿部基嗣
2644120142,小杉亮
2045236637,木村直輝
2355821496,西森将司
2402923455,宮川実
2282326234,永森大智
2133124357,岡村卓弥
2119122826,郷間勇太
2548827589,高野誠毅
2800919968,妹尾浩一
2859730001,山崎雅由
2357832654,濱尚美
2121321063,嬉勝則
2044921496,畑中信司
2548824535,大澤誠志
2116827888,佐原秀泰
2164430495,原田和真
2354631056,小野寺祐
2000028516,高田潤
2623424247,坂口智康
2454422763,小坂忠士
2593527193,井上敏樹
2102120063,木幡初也
2606627835,川又賢治
