1125676837,ポウナム,2021,牝,林正人,2024-11-21 15:51:38,NULL,2024-11-21 15:51:38
1760106975,リアリータイト,2021,牝,箕輪武,2024-11-21 15:51:38,NULL,2024-11-21 15:51:38
1756970414,ジョーサルーテ,2021,牝,小久保智,2024-11-21 15:51:38,NULL,2024-11-21 15:51:38
1148190815,マーチオブタイム,2021,牡,酒井一則,2024-11-21 15:51:38,NULL,2024-11-21 15:51:38
1106547537,ピノヌイ,2021,牡,野口孝,2024-11-21 15:51:38,NULL,2024-11-21 15:51:38
1732447050,キミニメロメロ,2021,牝,吉田正美,2024-11-21 15:51:38,NULL,2024-11-21 15:51:38
1292731946,ソルトミル,2021,牝,入口由美,2024-11-21 15:51:38,NULL,2024-11-21 15:51:38
1100633698,ボールドチャー,2021,牡,宇野木博,2024-11-21 15:51:38,NULL,2024-11-21 15:51:38
1658261599,ベニノレーヴ,2021,牡,八木仁,2024-11-21 15:51:38,NULL,2024-11-21 15:51:38
1128507507,プロンプトノア,2021,牝,佐々木仁,2024-11-21 15:51:38,NULL,2024-11-21 15:51:38
1810758156,アムールベル,2021,牝,村田順一,2024-11-21 15:51:38,NULL,2024-11-21 15:51:38
1002329137,コギャル,2021,牝,長谷川忍,2024-11-21 15:51:38,NULL,2024-11-21 15:51:38
1036554764,エクスプロア,2019,牡,野口寛仁,2024-11-21 15:51:38,NULL,2024-11-21 15:51:38
1811407945,アイアンオー,2020,牡,海馬澤司,2024-11-21 15:51:38,NULL,2024-11-21 15:51:38
1030624592,ゴールドバニー,2020,牝,野口孝,2024-11-21 15:51:38,NULL,2024-11-21 15:51:38
1243024144,フミタツビックボス,2020,牡,久保勇,2024-11-21 15:51:38,NULL,2024-11-21 15:51:38
1248103891,ドーバーファルコン,2020,セ,海馬澤司,2024-11-21 15:51:38,NULL,2024-11-21 15:51:38
1216959648,フリュート,2016,セ,水野貴史,2024-11-21 15:51:38,NULL,2024-11-21 15:51:38
1213365052,ケリードラゴン,2017,セ,斉藤敏,2024-11-21 15:51:38,NULL,2024-11-21 15:51:38
1275542521,マーヒナヒナ,2020,牝,酒井一則,2024-11-21 15:51:38,NULL,2024-11-21 15:51:38
1731781906,モズマスターピース,2020,牡,横山保,2024-11-21 15:51:38,NULL,2024-11-21 15:51:38
1023754418,ナリタアンビション,2020,牝,川島豊,2024-11-21 15:51:38,NULL,2024-11-21 15:51:38
1788835238,ニシノテンカフブ,2020,牡,吉田正美,2024-11-21 15:51:38,NULL,2024-11-21 15:51:38
1101361084,スタークイック,2022,牝,小澤宏次,2024-11-21 15:51:38,NULL,2024-11-21 15:51:38
1847450572,キョウエイバジル,2022,牝,川島豊,2024-11-21 15:51:38,NULL,2024-11-21 15:51:38
1486731037,コウユーミューミュ,2022,牝,宇野木博,2024-11-21 15:51:38,NULL,2024-11-21 15:51:38
1489139443,オリエンタルマック,2022,牡,佐々木功,2024-11-21 15:51:38,NULL,2024-11-21 15:51:38
1681102048,レッドディア,2022,牝,小久保智,2024-11-21 15:51:38,NULL,2024-11-21 15:51:38
1363146841,ハーシュミストレス,2022,牝,酒井一則,2024-11-21 15:51:38,NULL,2024-11-21 15:51:38
1588900368,ブラックアスラーダ,2022,牡,箕輪武,2024-11-21 15:51:38,NULL,2024-11-21 15:51:38
1605795877,シェナアップル,2022,牡,冨田敏男,2024-11-21 15:51:38,NULL,2024-11-21 15:51:38
1561960596,ティナバローズ,2022,牝,繁田健一,2024-11-21 15:51:38,NULL,2024-11-21 15:51:38
1467588933,セオリーセンス,2022,牡,野口寛仁,2024-11-21 15:51:38,NULL,2024-11-21 15:51:38
1141411834,シバノエスコドール,2022,牡,宇野木博,2024-11-21 15:51:38,NULL,2024-11-21 15:51:38
1578392935,ブーシェノワール,2022,牝,酒井一則,2024-11-21 15:51:38,NULL,2024-11-21 15:51:38
1489550140,ユウユウロザリウム,2022,牝,横山保,2024-11-21 15:51:38,NULL,2024-11-21 15:51:38
1028182876,プリスマティカ,2022,牝,箕輪武,2024-11-21 15:51:38,NULL,2024-11-21 15:51:38
1376361707,ダイノメロディ,2022,牡,藤原智行,2024-11-21 15:51:38,NULL,2024-11-21 15:51:38
1004580538,ダイバヤタガラス,2022,セ,箕輪武,2024-11-21 15:51:38,NULL,2024-11-21 15:51:38
1801923348,マッサーノ,2022,牝,岩崎真樹,2024-11-21 15:51:38,NULL,2024-11-21 15:51:38
1971345244,カシノナイスガイ,2022,牡,野口寛仁,2024-11-21 15:51:38,NULL,2024-11-21 15:51:38
1866156648,ハクアイラガッツァ,2022,牝,石井勝男,2024-11-21 15:51:38,NULL,2024-11-21 15:51:38
1747342547,ネライウチ,2022,牡,斉藤敏,2024-11-21 15:51:38,NULL,2024-11-21 15:51:38
1341893196,ハクシンドラゴン,2022,セ,平山真希,2024-11-21 15:51:38,NULL,2024-11-21 15:51:38
1489229647,ナリノルル,2020,牡,内田勝義,2024-11-21 15:51:38,NULL,2024-11-21 15:51:38
1624204579,アンブレラダンス,2020,牝,平山真希,2024-11-21 15:51:38,NULL,2024-11-21 15:51:38
1283293601,ミカサ,2021,牡,小久保智,2024-11-21 15:51:38,NULL,2024-11-21 15:51:38
1240134196,ドローアプローズ,2017,セ,横山保,2024-11-21 15:51:38,NULL,2024-11-21 15:51:38
1077580096,マインドブロン,2021,牡,秋山直之,2024-11-21 15:51:38,NULL,2024-11-21 15:51:38
1548189646,トクシーカグヤヒメ,2020,牝,平山真希,2024-11-21 15:51:38,NULL,2024-11-21 15:51:38
1886664640,ディアモンクール,2021,牝,工藤伸輔,2024-11-21 15:51:38,NULL,2024-11-21 15:51:38
1648716971,マリークロード,2019,牝,林正人,2024-11-21 15:51:38,NULL,2024-11-21 15:51:38
1236285231,エターナルジュエル,2019,牝,藤原智行,2024-11-21 15:51:38,NULL,2024-11-21 15:51:38
1288942380,ササキンポピー,2021,牝,水野貴史,2024-11-21 15:51:38,NULL,2024-11-21 15:51:38
1960292786,ピノモラーン,2018,牡,野口孝,2024-11-21 15:51:38,NULL,2024-11-21 15:51:38
1134139437,マチルダ,2021,牝,小久保智,2024-11-21 15:51:38,NULL,2024-11-21 15:51:38
1077063737,カリグラフィー,2019,牝,入口由美,2024-11-21 15:51:38,NULL,2024-11-21 15:51:38
1360595752,イエローベル,2021,牝,小久保智,2024-11-21 15:51:38,NULL,2024-11-21 15:51:38
1879072211,ウインプロヴァンス,2019,牡,工藤伸輔,2024-11-21 15:51:38,NULL,2024-11-21 15:51:38
1621551437,キスアンドテル,2019,牝,海馬澤司,2024-11-21 15:51:38,NULL,2024-11-21 15:51:38
1376447245,ビップライアン,2021,牡,藪口一麻,2024-11-21 15:51:38,NULL,2024-11-21 15:51:38
1234065530,スイフトマリー,2019,牝,酒井一則,2024-11-21 15:51:38,NULL,2024-11-21 15:51:38
1194448031,エターナルジェイド,2020,牡,水野貴史,2024-11-21 15:51:38,NULL,2024-11-21 15:51:38
1662272902,ネオアンコーラ,2019,牡,川島豊,2024-11-21 15:51:38,NULL,2024-11-21 15:51:38
1403720030,ソブリンルーラー,2020,セ,藪口一麻,2024-11-21 15:51:38,NULL,2024-11-21 15:51:38
1519724255,イスラデルノルテ,2020,牡,野口寛仁,2024-11-21 15:51:38,NULL,2024-11-21 15:51:38
1444280827,カネトシアンカー,2021,牝,佐々木仁,2024-11-21 15:51:38,NULL,2024-11-21 15:51:38
1077419181,クインズミラ,2021,牝,長谷川忍,2024-11-21 15:51:38,NULL,2024-11-21 15:51:38
1570359880,ユイノパチョレック,2021,牡,工藤伸輔,2024-11-21 15:51:38,NULL,2024-11-21 15:51:38
1281354301,テンロ,2021,牝,小久保智,2024-11-21 15:51:38,NULL,2024-11-21 15:51:38
1720548355,フリアンディーズ,2021,牝,伊藤滋規,2024-11-21 15:51:38,NULL,2024-11-21 15:51:38
1447454814,シルバーペコ,2019,牝,酒井一則,2024-11-21 15:51:38,NULL,2024-11-21 15:51:38
1811044196,レジーナデッラネラ,2021,牝,宇野木博,2024-11-21 15:51:38,NULL,2024-11-21 15:51:38
1918716328,タツノキセキ,2020,牡,秋山直之,2024-11-21 15:51:38,NULL,2024-11-21 15:51:38
1304657257,リュウノリエゾン,2021,牝,鹿沼良和,2024-11-21 15:51:38,NULL,2024-11-21 15:51:38
1829024064,シェヴロンケリー,2019,牝,小澤宏次,2024-11-21 15:51:38,NULL,2024-11-21 15:51:38
1469295814,ローゼシュティア,2019,牝,野口孝,2024-11-21 15:51:38,NULL,2024-11-21 15:51:38
1144352132,ユウユウプルニーマ,2021,牝,横山保,2024-11-21 15:51:38,NULL,2024-11-21 15:51:38
1416224349,マイネルグローリエ,2019,牡,石井勝男,2024-11-21 15:51:38,NULL,2024-11-21 15:51:38
1597906196,ビコーズウイキャン,2021,牡,長谷川忍,2024-11-21 15:51:38,NULL,2024-11-21 15:51:38
1291683121,ロードオブイサチル,2017,牝,宇野木博,2024-11-21 15:51:38,NULL,2024-11-21 15:51:38
1039373244,アムレート,2020,牝,小久保智,2024-11-21 15:51:38,NULL,2024-11-21 15:51:38
1920504890,エーテルノカゼ,2020,牝,岩本洋,2024-11-21 15:51:38,NULL,2024-11-21 15:51:38
1787051387,ヴァンクールシチー,2019,牡,工藤伸輔,2024-11-21 15:51:38,NULL,2024-11-21 15:51:38
1742824858,アルヴァレス,2021,牡,小澤宏次,2024-11-21 15:51:38,NULL,2024-11-21 15:51:38
1537640049,ユッカラン,2021,牝,藪口一麻,2024-11-21 15:51:38,NULL,2024-11-21 15:51:38
1679384456,サンタアナテソーロ,2020,牝,内野健二,2024-11-21 15:51:38,NULL,2024-11-21 15:51:38
1942229366,クラッチタイム,2021,牝,岩崎真樹,2024-11-21 15:51:38,NULL,2024-11-21 15:51:38
1246929943,リュウノアスラーム,2020,牝,斉藤敏,2024-11-21 15:51:38,NULL,2024-11-21 15:51:38
1242734578,シェナブライト,2018,牡,吉田正美,2024-11-21 15:51:38,NULL,2024-11-21 15:51:38
1019694979,ハクサンクラーケン,2018,牡,矢野義幸,2024-11-21 15:51:38,NULL,2024-11-21 15:51:38
1009342474,エリコーハク,2020,牝,水野貴史,2024-11-21 15:51:38,NULL,2024-11-21 15:51:38
1997406783,セイウンシデン,2019,牡,吉田正美,2024-11-21 15:51:38,NULL,2024-11-21 15:51:38
1426048740,キューティロメラ,2020,牝,繁田健一,2024-11-21 15:51:38,NULL,2024-11-21 15:51:38
1468698080,プレストルーチェ,2017,セ,小澤宏次,2024-11-21 15:51:38,NULL,2024-11-21 15:51:38
1891417986,ピノホホッア,2020,牡,野口孝,2024-11-21 15:51:38,NULL,2024-11-21 15:51:38
1569764467,エナジーポコアポコ,2020,牡,繁田健一,2024-11-21 15:51:38,NULL,2024-11-21 15:51:38
1161475469,ハピネスマインド,2018,牝,田中力,2024-11-21 15:51:38,NULL,2024-11-21 15:51:38
1093884959,トライファン,2019,牡,小久保智,2024-11-21 15:51:38,NULL,2024-11-21 15:51:38
1412441022,アイスヴィスタ,2017,牝,繁田健一,2024-11-21 15:51:38,NULL,2024-11-21 15:51:38
1902930657,ワンモアエフォート,2017,牡,石井勝男,2024-11-21 15:51:38,NULL,2024-11-21 15:51:38
1710347059,アンジュレイ,2019,牝,小久保智,2024-11-21 15:51:38,NULL,2024-11-21 15:51:38
1795234595,グランギフト,2017,牡,山崎尋美,2024-11-21 15:51:38,NULL,2024-11-21 15:51:38
1120530037,プラズマ,2021,牡,林正人,2024-11-21 15:51:38,NULL,2024-11-21 15:51:38
1084507572,サブリュウシン,2020,牡,平山真希,2024-11-21 15:51:38,NULL,2024-11-21 15:51:38
1694967773,ガウリシャンカール,2021,牡,矢野義幸,2024-11-21 15:51:38,NULL,2024-11-21 15:51:38
1637938868,ディアセオリー,2017,牡,小久保智,2024-11-21 15:51:38,NULL,2024-11-21 15:51:38
1836005641,メイショウフンジン,2018,牡,西園正都,2024-11-21 15:51:38,NULL,2024-11-21 15:51:38
1725705913,スリーヘリオス,2015,セ,井樋一也,2024-11-21 15:51:38,NULL,2024-11-21 15:51:38
1524353641,ナニハサテオキ,2019,牡,平山真希,2024-11-21 15:51:38,NULL,2024-11-21 15:51:38
1364993160,サヨノグローリー,2018,牡,工藤伸輔,2024-11-21 15:51:38,NULL,2024-11-21 15:51:38
1273391246,アイブランコ,2017,牡,鹿沼良和,2024-11-21 15:51:38,NULL,2024-11-21 15:51:38
1518833646,アウトレンジ,2020,牡,大久保龍,2024-11-21 15:51:38,NULL,2024-11-21 15:51:38
1279261544,ディクテオン,2018,セ,吉岡辰弥,2024-11-21 15:51:38,NULL,2024-11-21 15:51:38
1599557643,ダイシンピスケス,2018,牡,森秀行,2024-11-21 15:51:38,NULL,2024-11-21 15:51:38
1295801107,ライトウォーリア,2017,牡,内田勝義,2024-11-21 15:51:38,NULL,2024-11-21 15:51:38
1114766792,オウケンムーン,2015,牡,井樋明正,2024-11-21 15:51:38,NULL,2024-11-21 15:51:38
1032497982,サノノレインボー,2021,牝,川島豊,2024-11-21 15:51:38,NULL,2024-11-21 15:51:38
1134211748,ビナミトー,2021,牝,酒井一則,2024-11-21 15:51:38,NULL,2024-11-21 15:51:38
1999384849,ルッキズム,2021,牝,入口由美,2024-11-21 15:51:38,NULL,2024-11-21 15:51:38
1278406801,オニバ,2021,牡,藤原智行,2024-11-21 15:51:38,NULL,2024-11-21 15:51:38
1158544987,ゴープラチナム,2017,牝,平山真希,2024-11-21 15:51:38,NULL,2024-11-21 15:51:38
1180068656,キョウエイカリーナ,2020,牝,小澤宏次,2024-11-21 15:51:38,NULL,2024-11-21 15:51:38
1778062277,シェナクラウン,2020,牡,冨田敏男,2024-11-21 15:51:38,NULL,2024-11-21 15:51:38
1974687311,ラヴィンツァラ,2017,牝,平山真希,2024-11-21 15:51:38,NULL,2024-11-21 15:51:38
1406076546,ソーヴキプ,2020,牝,渋谷信博,2024-11-21 15:51:38,NULL,2024-11-21 15:51:38
1882822068,ジェネシスミザール,2021,牡,伊藤滋規,2024-11-21 15:51:38,NULL,2024-11-21 15:51:38
1444698832,エコロウォーリア,2020,牡,川村守男,2024-11-21 15:51:38,NULL,2024-11-21 15:51:38
1508256853,ロバストネス,2021,牡,藤ヶ崎一,2024-11-21 15:51:38,NULL,2024-11-21 15:51:38
1358147534,フィーユポワソン,2020,牝,榎屋充,2024-11-21 15:51:38,NULL,2024-11-21 15:51:38
1973770843,アフロマン,2021,牡,竹下太,2024-11-21 15:51:38,NULL,2024-11-21 15:51:38
1209976792,マジックワールド,2021,牝,藤ヶ崎一,2024-11-21 15:51:38,NULL,2024-11-21 15:51:38
1290401222,ルコビューティー,2021,牝,榎屋充,2024-11-21 15:51:38,NULL,2024-11-21 15:51:38
1977448836,オジョウ,2021,牝,宇都英樹,2024-11-21 15:51:38,NULL,2024-11-21 15:51:38
1128154237,マイソラ,2021,牝,川西毅,2024-11-21 15:51:38,NULL,2024-11-21 15:51:38
1605038111,ハーレッドシューズ,2021,牝,今津勝之,2024-11-21 15:51:38,NULL,2024-11-21 15:51:38
1237348776,オブリージュ,2020,牡,安部幸夫,2024-11-21 15:51:38,NULL,2024-11-21 15:51:38
1716206156,アービトレーション,2020,牝,錦見勇夫,2024-11-21 15:51:38,NULL,2024-11-21 15:51:38
1521608543,カンバセーショナル,2021,牝,塚田隆男,2024-11-21 15:51:38,NULL,2024-11-21 15:51:38
1101382732,ヤマジョーカ,2021,牡,錦見勇夫,2024-11-21 15:51:38,NULL,2024-11-21 15:51:38
1335714480,カムイパパイヤ,2021,牝,井上哲,2024-11-21 15:51:38,NULL,2024-11-21 15:51:38
1276141447,ギフトフォーユー,2021,牝,坂口義幸,2024-11-21 15:51:38,NULL,2024-11-21 15:51:38
1906353318,ポーラスター,2021,牡,荒巻透,2024-11-21 15:51:38,NULL,2024-11-21 15:51:38
1638527830,ディクスミュード,2021,牝,本名信行,2024-11-21 15:51:38,NULL,2024-11-21 15:51:38
1085524537,ハクシュ,2021,牡,川西毅,2024-11-21 15:51:38,NULL,2024-11-21 15:51:38
1256497457,ユウトザルンルン,2021,牡,倉地学,2024-11-21 15:51:38,NULL,2024-11-21 15:51:38
1171117237,リトミコ,2021,牝,角田輝也,2024-11-21 15:51:38,NULL,2024-11-21 15:51:38
1660687750,ワンダホー,2021,牝,川西毅,2024-11-21 15:51:38,NULL,2024-11-21 15:51:38
1185442920,イイクニアシェル,2021,牡,榎屋充,2024-11-21 15:51:38,NULL,2024-11-21 15:51:38
1003998412,ポーラーシュテルン,2021,牝,井上哲,2024-11-21 15:51:38,NULL,2024-11-21 15:51:38
1915284040,メイショウアユカゼ,2021,牝,榎屋充,2024-11-21 15:51:38,NULL,2024-11-21 15:51:38
1290357547,ザッフェラーノ,2021,牡,成田明,2024-11-21 15:51:38,NULL,2024-11-21 15:51:38
1078309245,グラッシー,2021,牡,榎屋充,2024-11-21 15:51:38,NULL,2024-11-21 15:51:38
1828943261,エンタブラチュア,2021,牝,原口次夫,2024-11-21 15:51:38,NULL,2024-11-21 15:51:38
1343702749,ムーンボウ,2021,牝,塚田隆男,2024-11-21 15:51:38,NULL,2024-11-21 15:51:38
1768136209,シカンスイヨウ,2021,牝,瀬戸口悟,2024-11-21 15:51:38,NULL,2024-11-21 15:51:38
1112980885,サンライズアザール,2021,牡,沖田明子,2024-11-21 15:51:38,NULL,2024-11-21 15:51:38
1494935064,ヴァンショー,2021,牝,植松則幸,2024-11-21 15:51:38,NULL,2024-11-21 15:51:38
1230696516,ヤマタケプレーダ,2021,セ,原口次夫,2024-11-21 15:51:38,NULL,2024-11-21 15:51:38
1426796478,クールシェリー,2021,牝,錦見勇夫,2024-11-21 15:51:38,NULL,2024-11-21 15:51:38
1856788974,ノーマンズランド,2021,牝,井手上慎,2024-11-21 15:51:38,NULL,2024-11-21 15:51:38
1872095619,アノヒノアヤマチ,2021,牝,坂口義幸,2024-11-21 15:51:38,NULL,2024-11-21 15:51:38
1236401124,ポンドレイディ,2021,牝,宮本仁,2024-11-21 15:51:38,NULL,2024-11-21 15:51:38
1086660095,メイショウコフデ,2021,牝,錦見勇夫,2024-11-21 15:51:38,NULL,2024-11-21 15:51:38
1949873248,ポラライズ,2021,牡,今津勝之,2024-11-21 15:51:38,NULL,2024-11-21 15:51:38
1999946216,シーグリント,2021,牝,坂口義幸,2024-11-21 15:51:38,NULL,2024-11-21 15:51:38
1051281749,マルボルド,2021,牝,藤ヶ崎一,2024-11-21 15:51:38,NULL,2024-11-21 15:51:38
1429771810,アースウォーリア,2021,牝,安部幸夫,2024-11-21 15:51:38,NULL,2024-11-21 15:51:38
1690495853,ビクトリーフォース,2021,牡,原口次夫,2024-11-21 15:51:38,NULL,2024-11-21 15:51:38
1756694967,グランドフューチャ,2021,牡,井手上慎,2024-11-21 15:51:38,NULL,2024-11-21 15:51:38
1287918904,マルモリトマホーク,2021,牡,竹下太,2024-11-21 15:51:38,NULL,2024-11-21 15:51:38
1264390739,タマモルピナス,2021,牝,原口次夫,2024-11-21 15:51:38,NULL,2024-11-21 15:51:38
1700376532,スマートレパード,2021,牡,瀬戸口悟,2024-11-21 15:51:38,NULL,2024-11-21 15:51:38
1853659692,フッカツノコロアイ,2021,牝,植松則幸,2024-11-21 15:51:38,NULL,2024-11-21 15:51:38
1130488845,パルパルマジック,2016,牝,錦見勇夫,2024-11-21 15:51:38,NULL,2024-11-21 15:51:38
1178794226,ダイノハイド,2021,牝,竹下太,2024-11-21 15:51:38,NULL,2024-11-21 15:51:38
1035606934,タミーノーラ,2022,牡,藤ヶ崎一,2024-11-21 15:51:38,NULL,2024-11-21 15:51:38
1614281502,ダイセンボルト,2022,牡,今津博之,2024-11-21 15:51:38,NULL,2024-11-21 15:51:38
1668706743,アイタロオ,2022,牡,原口次夫,2024-11-21 15:51:38,NULL,2024-11-21 15:51:38
1303425953,カワテンマックス,2022,牡,角田輝也,2024-11-21 15:51:38,NULL,2024-11-21 15:51:38
1163529336,アマノカグヤマ,2022,牝,伊藤勝己,2024-11-21 15:51:38,NULL,2024-11-21 15:51:38
1279770980,カムイノウタゲ,2022,牡,竹下太,2024-11-21 15:51:38,NULL,2024-11-21 15:51:38
1159050786,スイッチブレード,2022,牡,川西毅,2024-11-21 15:51:38,NULL,2024-11-21 15:51:38
1212113094,エイシンラージヒル,2022,牝,竹下直人,2024-11-21 15:51:38,NULL,2024-11-21 15:51:38
1309453388,アークショコラ,2022,牝,塚田隆男,2024-11-21 15:51:38,NULL,2024-11-21 15:51:38
1979528282,サンヨウドラゴン,2022,牡,今津勝之,2024-11-21 15:51:38,NULL,2024-11-21 15:51:38
1634111128,アイファーニケ,2020,牝,倉地学,2024-11-21 15:51:38,NULL,2024-11-21 15:51:38
1097218844,アルヒルム,2021,牡,宇都英樹,2024-11-21 15:51:38,NULL,2024-11-21 15:51:38
1311734891,サイコロチャン,2021,牝,井上哲,2024-11-21 15:51:38,NULL,2024-11-21 15:51:38
1270747870,カイブルーノ,2021,牡,本名信行,2024-11-21 15:51:38,NULL,2024-11-21 15:51:38
1884335581,フィッツロイ,2021,牡,迫田清美,2024-11-21 15:51:38,NULL,2024-11-21 15:51:38
1367350443,ミランダアスール,2021,牝,竹下直人,2024-11-21 15:51:38,NULL,2024-11-21 15:51:38
1633725926,ヴィーナスウインズ,2021,牝,植松則幸,2024-11-21 15:51:38,NULL,2024-11-21 15:51:38
1075074686,サンライズブラスト,2020,牡,竹口勝利,2024-11-21 15:51:38,NULL,2024-11-21 15:51:38
1057279536,リックルイコン,2021,牝,櫻井今朝,2024-11-21 15:51:38,NULL,2024-11-21 15:51:38
1534596194,ゼンダンサクラ,2021,牝,瀬戸口悟,2024-11-21 15:51:38,NULL,2024-11-21 15:51:38
1133013962,グランパープル,2021,牡,原口次夫,2024-11-21 15:51:38,NULL,2024-11-21 15:51:38
1669310041,ビーチハイボール,2021,牡,坂口義幸,2024-11-21 15:51:38,NULL,2024-11-21 15:51:38
1253674188,アーキトラオム,2021,牡,藤ヶ崎一,2024-11-21 15:51:38,NULL,2024-11-21 15:51:38
1934500127,ホワイトリバー,2021,牡,宇都英樹,2024-11-21 15:51:38,NULL,2024-11-21 15:51:38
1250474901,ベビーヨーダ,2021,牝,竹下太,2024-11-21 15:51:38,NULL,2024-11-21 15:51:38
1621135335,ミルキーメモリー,2021,牝,竹下太,2024-11-21 15:51:38,NULL,2024-11-21 15:51:38
1243819024,クリノフロンティア,2021,牡,原口次夫,2024-11-21 15:51:38,NULL,2024-11-21 15:51:38
1005765887,キンコンテーラー,2021,牝,安部幸夫,2024-11-21 15:51:38,NULL,2024-11-21 15:51:38
1004540048,エイシントレボン,2021,牡,櫻井今朝,2024-11-21 15:51:38,NULL,2024-11-21 15:51:38
1666132150,アナザーゴースト,2021,セ,藤ヶ崎一,2024-11-21 15:51:38,NULL,2024-11-21 15:51:38
1485154211,マッダレーナ,2021,牝,今津博之,2024-11-21 15:51:38,NULL,2024-11-21 15:51:38
1016013637,サブリエ,2021,牝,竹下太,2024-11-21 15:51:38,NULL,2024-11-21 15:51:38
1618863855,ピアレイジレディ,2021,牝,櫻井今朝,2024-11-21 15:51:38,NULL,2024-11-21 15:51:38
1487538326,メイクスマイル,2019,牝,井上哲,2024-11-21 15:51:38,NULL,2024-11-21 15:51:38
1861157515,ホーリーウェル,2019,牝,沖田明子,2024-11-21 15:51:38,NULL,2024-11-21 15:51:38
1283415495,グラスチアー,2021,牝,竹下太,2024-11-21 15:51:38,NULL,2024-11-21 15:51:38
1842360386,マイネルボレロ,2017,牡,錦見勇夫,2024-11-21 15:51:38,NULL,2024-11-21 15:51:38
1543339842,ミリオンジェンヌ,2021,牝,角田輝也,2024-11-21 15:51:38,NULL,2024-11-21 15:51:38
1905761859,アンバサダー,2021,牡,井上哲,2024-11-21 15:51:38,NULL,2024-11-21 15:51:38
1757148556,リシャールウィン,2021,牝,井上哲,2024-11-21 15:51:38,NULL,2024-11-21 15:51:38
1626392873,ベゼルファセット,2021,牡,伊藤勝己,2024-11-21 15:51:38,NULL,2024-11-21 15:51:38
1463202547,エイシンウクラン,2019,牝,井上哲,2024-11-21 15:51:38,NULL,2024-11-21 15:51:38
1282601012,ミストーザイ,2019,牝,錦見勇夫,2024-11-21 15:51:38,NULL,2024-11-21 15:51:38
1952370877,サントリーニブルー,2021,牝,櫻井今朝,2024-11-21 15:51:38,NULL,2024-11-21 15:51:38
1562299115,ジャコムスビ,2021,牡,櫻井今朝,2024-11-21 15:51:38,NULL,2024-11-21 15:51:38
1289132346,ソルセルリ,2021,牝,沖田明子,2024-11-21 15:51:38,NULL,2024-11-21 15:51:38
1528069025,ナンゴクジャックス,2022,牡,倉地学,2024-11-21 15:51:38,NULL,2024-11-21 15:51:38
1883114581,ビックコック,2022,牡,安部幸夫,2024-11-21 15:51:38,NULL,2024-11-21 15:51:38
1971827466,パキラスイート,2022,牝,角田輝也,2024-11-21 15:51:38,NULL,2024-11-21 15:51:38
1023900888,アーキハッカー,2022,牡,藤ヶ崎一,2024-11-21 15:51:38,NULL,2024-11-21 15:51:38
1850246048,ミスレモン,2022,牝,藤ヶ崎一,2024-11-21 15:51:38,NULL,2024-11-21 15:51:38
1163104720,ノリノリブリランテ,2022,牡,原口次夫,2024-11-21 15:51:38,NULL,2024-11-21 15:51:38
1868400823,セイスカーレット,2022,牝,安部幸夫,2024-11-21 15:51:38,NULL,2024-11-21 15:51:38
1847978605,テルケンレンシャチ,2022,牡,今津勝之,2024-11-21 15:51:38,NULL,2024-11-21 15:51:38
1819310728,バウアピアーズ,2022,牡,塚田隆男,2024-11-21 15:51:38,NULL,2024-11-21 15:51:38
1886685404,インカノメザメ,2022,牝,安部幸夫,2024-11-21 15:51:38,NULL,2024-11-21 15:51:38
1739783409,ビシュウビシュウ,2022,牡,榎屋充,2024-11-21 15:51:38,NULL,2024-11-21 15:51:38
1511876906,シャランガーナ,2019,牡,坂口義幸,2024-11-21 15:51:38,NULL,2024-11-21 15:51:38
1924936047,フェアリーハイ,2020,牝,角田輝也,2024-11-21 15:51:38,NULL,2024-11-21 15:51:38
1114245983,オンワードセルフ,2016,牡,宮本仁,2024-11-21 15:51:38,NULL,2024-11-21 15:51:38
1851333916,タイクーンバゴ,2017,牡,竹下直人,2024-11-21 15:51:38,NULL,2024-11-21 15:51:38
1807313425,リョウライライ,2020,牡,竹下直人,2024-11-21 15:51:38,NULL,2024-11-21 15:51:38
1216572441,メイショウサキガケ,2019,牡,迫田清美,2024-11-21 15:51:38,NULL,2024-11-21 15:51:38
1547731000,タイミングハート,2017,牡,迫田清美,2024-11-21 15:51:38,NULL,2024-11-21 15:51:38
1148269844,イブシギン,2020,牡,藤ヶ崎一,2024-11-21 15:51:38,NULL,2024-11-21 15:51:38
1766239516,ブルーテネーシャス,2020,牡,倉地学,2024-11-21 15:51:38,NULL,2024-11-21 15:51:38
1836824469,スターライトブルー,2014,牡,井上哲,2024-11-21 15:51:38,NULL,2024-11-21 15:51:38
1226166521,ソングフォーマーヤ,2019,牝,櫻井今朝,2024-11-21 15:51:38,NULL,2024-11-21 15:51:38
1844361961,プロミシングギャル,2020,牝,原口次夫,2024-11-21 15:51:38,NULL,2024-11-21 15:51:38
1467618761,ネオアリシア,2020,牝,藤ヶ崎一,2024-11-21 15:51:38,NULL,2024-11-21 15:51:38
1261131780,ゴラッソゴール,2017,牡,錦見勇夫,2024-11-21 15:51:38,NULL,2024-11-21 15:51:38
1772681069,ショウナンナツゾラ,2021,牝,今津博之,2024-11-21 15:51:38,NULL,2024-11-21 15:51:38
1909348643,アナンクス,2017,牡,地辺幸一,2024-11-21 15:51:38,NULL,2024-11-21 15:51:38
1028691937,セセラギ,2020,牝,井上哲,2024-11-21 15:51:38,NULL,2024-11-21 15:51:38
1195410953,リードブロー,2020,牡,今津博之,2024-11-21 15:51:38,NULL,2024-11-21 15:51:38
1982633436,エンパス,2021,牝,坂口義幸,2024-11-21 15:51:38,NULL,2024-11-21 15:51:38
1179198065,ヴェッツラー,2017,牡,角田輝也,2024-11-21 15:51:38,NULL,2024-11-21 15:51:38
1098162895,テイエムオードリー,2019,牝,竹之下昭,2024-11-21 15:51:38,NULL,2024-11-21 15:51:38
1733266904,シゲルノヴァ,2020,牝,櫻井今朝,2024-11-21 15:51:38,NULL,2024-11-21 15:51:38
1794830263,イルデポート,2021,牡,瀬戸口悟,2024-11-21 15:51:38,NULL,2024-11-21 15:51:38
1762982149,ハングリーゴースト,2020,セ,藤ヶ崎一,2024-11-21 15:51:38,NULL,2024-11-21 15:51:38
1122962534,エストレリータ,2020,牝,櫻井今朝,2024-11-21 15:51:38,NULL,2024-11-21 15:51:38
1171981137,レガーミ,2019,牝,迫田清美,2024-11-21 15:51:38,NULL,2024-11-21 15:51:38
1362878397,ブルーウィン,2020,牝,坂口義幸,2024-11-21 15:51:38,NULL,2024-11-21 15:51:38
1068061416,ボールドライ,2020,牡,植松則幸,2024-11-21 15:51:38,NULL,2024-11-21 15:51:38
1490639312,ラヴラブクロフネ,2020,牝,坂口義幸,2024-11-21 15:51:38,NULL,2024-11-21 15:51:38
1463023063,ナムラエヴァ,2020,牝,藤ヶ崎一,2024-11-21 15:51:38,NULL,2024-11-21 15:51:38
1739652069,グレイウェザーズ,2020,牝,塚田隆男,2024-11-21 15:51:38,NULL,2024-11-21 15:51:38
1040010928,マイフォーエバー,2021,牡,藤ヶ崎一,2024-11-21 15:51:38,NULL,2024-11-21 15:51:38
1280932235,ビッグベッター,2019,牡,井手上慎,2024-11-21 15:51:38,NULL,2024-11-21 15:51:38
1462242878,カフジリブラ,2017,セ,塚田隆男,2024-11-21 15:51:38,NULL,2024-11-21 15:51:38
1110166844,エッシャー,2014,セ,瀬戸口悟,2024-11-21 15:51:38,NULL,2024-11-21 15:51:38
1785097906,レッツプロミス,2020,牝,藤ヶ崎一,2024-11-21 15:51:38,NULL,2024-11-21 15:51:38
1073645843,トラヴォルジェンテ,2020,牡,三宅直之,2024-11-21 15:51:38,NULL,2024-11-21 15:51:38
1084623795,メイショウクモジ,2019,牡,山元博徳,2024-11-21 15:51:38,NULL,2024-11-21 15:51:38
1696342417,オーリプカレディ,2019,牝,高馬元紘,2024-11-21 15:51:38,NULL,2024-11-21 15:51:38
1694704541,メイショウバイラン,2017,牝,尾原強,2024-11-21 15:51:38,NULL,2024-11-21 15:51:38
1781650249,コスモプルエバ,2019,牝,大山寿文,2024-11-21 15:51:38,NULL,2024-11-21 15:51:38
1194209263,クリプティクコード,2020,牡,尾原強,2024-11-21 15:51:38,NULL,2024-11-21 15:51:38
1786637967,スターインステルス,2016,牝,小村正也,2024-11-21 15:51:38,NULL,2024-11-21 15:51:38
1644971626,フロストシティ,2020,牡,栗林徹治,2024-11-21 15:51:38,NULL,2024-11-21 15:51:38
1482839119,レーヴエスポワール,2021,牝,尾林幸二,2024-11-21 15:51:38,NULL,2024-11-21 15:51:38
1046525624,マコトヤマンバギリ,2017,牡,茂崎正善,2024-11-21 15:51:38,NULL,2024-11-21 15:51:38
1005311314,レディーディーバ,2019,牝,平松徳彦,2024-11-21 15:51:38,NULL,2024-11-21 15:51:38
1581941202,マコトエトルリア,2020,牝,溝橋利喜,2024-11-21 15:51:38,NULL,2024-11-21 15:51:38
1248344847,トモココア,2022,牝,西川進也,2024-11-21 15:51:38,NULL,2024-11-21 15:51:38
1519495159,ジャスティラック,2022,牡,柏原誠路,2024-11-21 15:51:38,NULL,2024-11-21 15:51:38
1797093745,ジョウネツ,2022,牡,田村彰啓,2024-11-21 15:51:38,NULL,2024-11-21 15:51:38
1464539152,モンサンオブライト,2022,牡,森澤友貴,2024-11-21 15:51:38,NULL,2024-11-21 15:51:38
1123930650,ロザリアン,2022,牝,松平幸秀,2024-11-21 15:51:38,NULL,2024-11-21 15:51:38
1041154300,シシ,2022,牡,高馬元紘,2024-11-21 15:51:38,NULL,2024-11-21 15:51:38
1550280585,シャイニングギフト,2022,セ,盛本信春,2024-11-21 15:51:38,NULL,2024-11-21 15:51:38
1966441096,ハワイアンセーラ,2022,牡,徳本慶一,2024-11-21 15:51:38,NULL,2024-11-21 15:51:38
1410069069,ミキヨウッドテール,2022,牝,長南和宏,2024-11-21 15:51:38,NULL,2024-11-21 15:51:38
1379717730,カイテキクラウン,2022,牝,坂本和也,2024-11-21 15:51:38,NULL,2024-11-21 15:51:38
1472089391,エートルドゥエ,2022,牡,保利良平,2024-11-21 15:51:38,NULL,2024-11-21 15:51:38
1774005170,コモリロゼッタ,2022,牝,松平幸秀,2024-11-21 15:51:38,NULL,2024-11-21 15:51:38
1765194245,スノーデイ,2022,牝,飯田良弘,2024-11-21 15:51:38,NULL,2024-11-21 15:51:38
1514760036,スイレンチャン,2022,牝,保利幸作,2024-11-21 15:51:38,NULL,2024-11-21 15:51:38
1379515478,ブルドッグガール,2022,牝,玉垣光章,2024-11-21 15:51:38,NULL,2024-11-21 15:51:38
1779386228,セファイドループ,2022,牝,松浦聡志,2024-11-21 15:51:38,NULL,2024-11-21 15:51:38
1641102675,エンゲツトウ,2022,牝,諏訪貴正,2024-11-21 15:51:38,NULL,2024-11-21 15:51:38
1745065519,ワンライトサン,2022,牝,長南和宏,2024-11-21 15:51:38,NULL,2024-11-21 15:51:38
1972145020,シュヴァルツスター,2022,牡,徳本慶一,2024-11-21 15:51:38,NULL,2024-11-21 15:51:38
1762354103,フークイーラン,2022,牡,藤川純,2024-11-21 15:51:38,NULL,2024-11-21 15:51:38
1810270090,ビッグリヴァーサル,2022,牡,小牧毅,2024-11-21 15:51:38,NULL,2024-11-21 15:51:38
1332814582,グレイトモーニン,2022,牡,玉垣光章,2024-11-21 15:51:38,NULL,2024-11-21 15:51:38
1590242628,フークミャオリー,2022,牝,藤川純,2024-11-21 15:51:38,NULL,2024-11-21 15:51:38
1284520701,ラフト,2020,牡,石橋満,2024-11-21 15:51:38,NULL,2024-11-21 15:51:38
1593065947,エイシンキマイラ,2018,牡,黒田隆男,2024-11-21 15:51:38,NULL,2024-11-21 15:51:38
1680427784,エイシンブギーマン,2019,牡,三宅直之,2024-11-21 15:51:38,NULL,2024-11-21 15:51:38
1978367774,ナリタイチモンジ,2019,牡,西村守幸,2024-11-21 15:51:38,NULL,2024-11-21 15:51:38
1025363412,チェリーウラノス,2017,牡,稻田彰宏,2024-11-21 15:51:38,NULL,2024-11-21 15:51:38
1807664423,イヤーズストレイト,2018,牝,茂崎正善,2024-11-21 15:51:38,NULL,2024-11-21 15:51:38
1992197194,アーテルナイト,2020,牡,飯田良弘,2024-11-21 15:51:38,NULL,2024-11-21 15:51:38
1000227237,コウエツ,2021,牝,永島太郎,2024-11-21 15:51:38,NULL,2024-11-21 15:51:38
1233091376,サクラヴィグール,2021,牡,北野真弘,2024-11-21 15:51:38,NULL,2024-11-21 15:51:38
1674827426,シマノダイヤモンド,2020,牡,山元博徳,2024-11-21 15:51:38,NULL,2024-11-21 15:51:38
1731813404,ロイヤルホジャリ,2017,牝,大塚信次,2024-11-21 15:51:38,NULL,2024-11-21 15:51:38
1275449600,チェスターコート,2016,牡,山口浩幸,2024-11-21 15:51:38,NULL,2024-11-21 15:51:38
1129567084,エイシンフォーラン,2016,牡,栗林徹治,2024-11-21 15:51:38,NULL,2024-11-21 15:51:38
1641878450,アカキチノイレブン,2021,牡,尾林幸二,2024-11-21 15:51:38,NULL,2024-11-21 15:51:38
1759650241,リスノワール,2020,牝,黒田隆男,2024-11-21 15:51:38,NULL,2024-11-21 15:51:38
1191286196,サイドシュート,2019,牝,西村守幸,2024-11-21 15:51:38,NULL,2024-11-21 15:51:38
1995612344,クルゼイロ,2018,牡,長南和宏,2024-11-21 15:51:38,NULL,2024-11-21 15:51:38
1075777845,グラスピレ,2018,牝,大塚信次,2024-11-21 15:51:38,NULL,2024-11-21 15:51:38
1480458450,キングリッキー,2021,セ,保利良次,2024-11-21 15:51:38,NULL,2024-11-21 15:51:38
1848033499,エールクイーン,2021,牝,中塚猛,2024-11-21 15:51:38,NULL,2024-11-21 15:51:38
1020527396,フレイムフォース,2018,牡,雑賀伸一,2024-11-21 15:51:38,NULL,2024-11-21 15:51:38
1186345654,サウンドヒーロー,2017,牡,土屋洋之,2024-11-21 15:51:38,NULL,2024-11-21 15:51:38
1223005758,アルシャリフ,2021,牡,寺地誠一,2024-11-21 15:51:38,NULL,2024-11-21 15:51:38
1899054168,ウルティマン,2019,牡,稻田彰宏,2024-11-21 15:51:38,NULL,2024-11-21 15:51:38
1168332764,ティアジャーカー,2021,牝,国澤利照,2024-11-21 15:51:38,NULL,2024-11-21 15:51:38
1123803958,ドーターオブナイル,2018,牝,野田忍,2024-11-21 15:51:38,NULL,2024-11-21 15:51:38
1879279939,バタフライロック,2021,牝,長倉功,2024-11-21 15:51:38,NULL,2024-11-21 15:51:38
1026959843,ライブリテックス,2015,牡,稻田彰宏,2024-11-21 15:51:38,NULL,2024-11-21 15:51:38
1119005157,デルマフゲン,2018,牝,坂本和也,2024-11-21 15:51:38,NULL,2024-11-21 15:51:38
1164556940,チョウゲンキ,2021,牡,織田誠,2024-11-21 15:51:38,NULL,2024-11-21 15:51:38
1238182860,ジョーノベリスタ,2016,牝,平松徳彦,2024-11-21 15:51:38,NULL,2024-11-21 15:51:38
1229621401,スターサファイア,2020,牡,尾原強,2024-11-21 15:51:38,NULL,2024-11-21 15:51:38
1261658482,ビップルイス,2020,牡,栗林徹治,2024-11-21 15:51:38,NULL,2024-11-21 15:51:38
1135998637,ホーギー,2021,牡,田中道夫,2024-11-21 15:51:38,NULL,2024-11-21 15:51:38
1637741505,シズカノウミ,2020,牝,石橋満,2024-11-21 15:51:38,NULL,2024-11-21 15:51:38
1629396497,タスマンハイウェイ,2018,セ,大塚信次,2024-11-21 15:51:38,NULL,2024-11-21 15:51:38
1725733949,ヨッシャー,2018,牡,田村彰啓,2024-11-21 15:51:38,NULL,2024-11-21 15:51:38
1979036907,ボニンブルー,2018,牡,岡田利一,2024-11-21 15:51:38,NULL,2024-11-21 15:51:38
1974100757,アフリカンリリー,2021,牡,保利良平,2024-11-21 15:51:38,NULL,2024-11-21 15:51:38
1663894206,ワンダートリガー,2019,牡,西川進也,2024-11-21 15:51:38,NULL,2024-11-21 15:51:38
1682308822,メイプルキャプテン,2021,牡,大山寿文,2024-11-21 15:51:38,NULL,2024-11-21 15:51:38
1437052547,ナムラハカ,2018,牡,長南和宏,2024-11-21 15:51:38,NULL,2024-11-21 15:51:38
1278411601,エリム,2020,牝,高馬元紘,2024-11-21 15:51:38,NULL,2024-11-21 15:51:38
1014926364,テーオーロバート,2021,牡,藤川純,2024-11-21 15:51:38,NULL,2024-11-21 15:51:38
1978740696,ハワイアンパレス,2020,牝,小牧毅,2024-11-21 15:51:38,NULL,2024-11-21 15:51:38
1142264190,ローザーブルー,2015,牝,諏訪貴正,2024-11-21 15:51:38,NULL,2024-11-21 15:51:38
1074008304,サニービーチ,2021,牝,長倉功,2024-11-21 15:51:38,NULL,2024-11-21 15:51:38
1354084770,エピックデイ,2018,牝,野田忍,2024-11-21 15:51:38,NULL,2024-11-21 15:51:38
1695524648,レッドレクス,2021,牡,盛本信春,2024-11-21 15:51:38,NULL,2024-11-21 15:51:38
1228176300,プロヴァーブ,2020,牝,田村彰啓,2024-11-21 15:51:38,NULL,2024-11-21 15:51:38
1996996961,エイシンソル,2021,牝,坂本和也,2024-11-21 15:51:38,NULL,2024-11-21 15:51:38
1066257937,ドゥワー,2020,牝,保利良次,2024-11-21 15:51:38,NULL,2024-11-21 15:51:38
1943459537,ジャスティンユウジ,2020,牡,森澤友貴,2024-11-21 15:51:38,NULL,2024-11-21 15:51:38
1708486931,ハイプリーステス,2018,牝,三宅直之,2024-11-21 15:51:38,NULL,2024-11-21 15:51:38
1577204563,テーオーステラ,2018,牝,茂崎正善,2024-11-21 15:51:38,NULL,2024-11-21 15:51:38
1668818182,タッケンウルル,2021,牝,田中範雄,2024-11-21 15:51:38,NULL,2024-11-21 15:51:38
1148469282,シンゼンハチマン,2021,牡,石橋満,2024-11-21 15:51:38,NULL,2024-11-21 15:51:38
1111112995,メイショウマツリ,2021,牡,新子雅司,2024-11-21 15:51:38,NULL,2024-11-21 15:51:38
1762488656,ホワイトオニキス,2021,セ,尾原強,2024-11-21 15:51:38,NULL,2024-11-21 15:51:38
1997679236,ギャラン,2020,セ,長南和宏,2024-11-21 15:51:38,NULL,2024-11-21 15:51:38
1772785177,マリーナサンライズ,2021,牝,田村彰啓,2024-11-21 15:51:38,NULL,2024-11-21 15:51:38
1962423436,ウォニー,2018,牡,稻田彰宏,2024-11-21 15:51:38,NULL,2024-11-21 15:51:38
1604403668,エナノキセキ,2021,牝,松平幸秀,2024-11-21 15:51:38,NULL,2024-11-21 15:51:38
1447435484,ワンダーアマルフィ,2017,牡,木村健,2024-11-21 15:51:38,NULL,2024-11-21 15:51:38
1053905437,ダンスケ,2021,牡,大山寿文,2024-11-21 15:51:38,NULL,2024-11-21 15:51:38
1662724625,ゼンダンノハゲミ,2021,牡,飯田良弘,2024-11-21 15:51:38,NULL,2024-11-21 15:51:38
1293257431,ムーンローバー,2020,牡,溝橋利喜,2024-11-21 15:51:38,NULL,2024-11-21 15:51:38
1960019836,イセベイ,2020,牡,石橋満,2024-11-21 15:51:38,NULL,2024-11-21 15:51:38
1665097447,エイシンコソンテ,2021,牝,渡瀬寛彰,2024-11-21 15:51:38,NULL,2024-11-21 15:51:38
1519826385,コスモスターリング,2016,牡,坂本和也,2024-11-21 15:51:38,NULL,2024-11-21 15:51:38
1562950599,サクラトップクロス,2018,牡,雑賀伸一,2024-11-21 15:51:38,NULL,2024-11-21 15:51:38
1465993552,ラインエミネント,2016,牡,三宅直之,2024-11-21 15:51:38,NULL,2024-11-21 15:51:38
1020169145,トーセンスプリント,2017,牡,栗林徹治,2024-11-21 15:51:38,NULL,2024-11-21 15:51:38
1138003016,スピリトーゾ,2019,牡,松平幸秀,2024-11-21 15:51:38,NULL,2024-11-21 15:51:38
1614746826,メリーセンス,2019,牡,柏原誠路,2024-11-21 15:51:38,NULL,2024-11-21 15:51:38
1100772346,タオロマイ,2020,牡,盛本信春,2024-11-21 15:51:38,NULL,2024-11-21 15:51:38
1275131868,メロディメーカー,2021,牝,松浦聡志,2024-11-21 15:51:38,NULL,2024-11-21 15:51:38
1169732264,ヴァガボンド,2018,牡,橋本忠明,2024-11-21 15:51:38,NULL,2024-11-21 15:51:38
1110229237,ヘイスト,2020,牡,森澤友貴,2024-11-21 15:51:38,NULL,2024-11-21 15:51:38
1540121749,スマートメイス,2017,牡,有馬澄男,2024-11-21 15:51:38,NULL,2024-11-21 15:51:38
1037098892,ゴールドボンド,2020,牡,保利良平,2024-11-21 15:51:38,NULL,2024-11-21 15:51:38
1292721736,ロングファイナリー,2016,セ,森澤友貴,2024-11-21 15:51:38,NULL,2024-11-21 15:51:38
1768102615,ディスケガウデーレ,2019,牡,北野真弘,2024-11-21 15:51:38,NULL,2024-11-21 15:51:38
1509938157,トリニティノット,2018,牡,野田忍,2024-11-21 15:51:38,NULL,2024-11-21 15:51:38
1487517152,メイプルシスター,2019,牝,大山寿文,2024-11-21 15:51:38,NULL,2024-11-21 15:51:38
1344964854,ルクスランページ,2019,牡,永島太郎,2024-11-21 15:51:38,NULL,2024-11-21 15:51:38
1541830379,ケンジーフェイス,2018,牡,中塚猛,2024-11-21 15:51:38,NULL,2024-11-21 15:51:38
1087563195,メイショウサトワ,2018,牡,小牧毅,2024-11-21 15:51:38,NULL,2024-11-21 15:51:38
1095496445,クーシェル,2018,牝,渡瀬寛彰,2024-11-21 15:51:38,NULL,2024-11-21 15:51:38
1977091946,ドゥグラン,2021,牝,寺地誠一,2024-11-21 15:51:38,NULL,2024-11-21 15:51:38
1609315673,ピンクマーベル,2021,牝,西村守幸,2024-11-21 15:51:38,NULL,2024-11-21 15:51:38
1973228370,スマッシュヒット,2021,牡,土屋洋之,2024-11-21 15:51:38,NULL,2024-11-21 15:51:38
1885340534,ダイヤモンドダスト,2019,牝,吉見真幸,2024-11-21 15:51:38,NULL,2024-11-21 15:51:38
1978807268,ディアフリーゼ,2021,牝,高馬元紘,2024-11-21 15:51:38,NULL,2024-11-21 15:51:38
1944705793,ヒナタレディー,2020,牝,長倉功,2024-11-21 15:51:38,NULL,2024-11-21 15:51:38
1123165239,バインドロック,2021,牝,盛本信春,2024-11-21 15:51:38,NULL,2024-11-21 15:51:38
1944757764,エコロブレス,2021,牡,保利良平,2024-11-21 15:51:38,NULL,2024-11-21 15:51:38
1036899568,ポッドヘイロー,2019,牡,北野真弘,2024-11-21 15:51:38,NULL,2024-11-21 15:51:38
1413070180,カムバルアタ,2018,セ,尾林幸二,2024-11-21 15:51:38,NULL,2024-11-21 15:51:38
1675767981,フィオリーノ,2020,牝,永島太郎,2024-11-21 15:51:38,NULL,2024-11-21 15:51:38
1717987388,グッドライズ,2019,牡,山元博徳,2024-11-21 15:51:38,NULL,2024-11-21 15:51:38
1332885092,ワンダーサバイバル,2021,牡,鈴木勝文,2024-11-21 15:51:38,NULL,2024-11-21 15:51:38
1106863691,ティーズウィッシュ,2021,牡,海馬澤司,2024-11-21 15:51:38,NULL,2024-11-21 15:51:38
1000931771,ユメデアエタラ,2021,牡,平山真希,2024-11-21 15:51:38,NULL,2024-11-21 15:51:38
1494371539,ホーエンツォレルン,2021,牝,加藤誠一,2024-11-21 15:51:38,NULL,2024-11-21 15:51:38
1847604340,ダノンレーニア,2021,牝,小久保智,2024-11-21 15:51:38,NULL,2024-11-21 15:51:38
1002056637,クロゴウ,2021,牝,吉田正美,2024-11-21 15:51:38,NULL,2024-11-21 15:51:38
1455608693,リーヴルワンダー,2021,牡,田中力,2024-11-21 15:51:38,NULL,2024-11-21 15:51:38
1604711233,タマモキサキ,2021,牝,高橋宏征,2024-11-21 15:51:38,NULL,2024-11-21 15:51:38
1481625507,スワルナパクシャ,2021,牝,小澤宏次,2024-11-21 15:51:38,NULL,2024-11-21 15:51:38
1020431734,ファルコンベガ,2021,牡,斉藤敏,2024-11-21 15:51:38,NULL,2024-11-21 15:51:38
1953425836,アショカ,2021,牡,繁田健一,2024-11-21 15:51:38,NULL,2024-11-21 15:51:38
1442173668,ワールドバトル,2020,セ,海馬澤司,2024-11-21 15:51:38,NULL,2024-11-21 15:51:38
1458873680,ウイングラドナス,2019,牡,内野健二,2024-11-21 15:51:38,NULL,2024-11-21 15:51:38
1076742617,スマイルケイ,2021,牝,小澤宏次,2024-11-21 15:51:38,NULL,2024-11-21 15:51:38
1436673331,エコロアジェンダ,2018,牡,工藤伸輔,2024-11-21 15:51:38,NULL,2024-11-21 15:51:38
1381788447,ラララランランラン,2021,牝,内野健二,2024-11-21 15:51:38,NULL,2024-11-21 15:51:38
1769602842,ホシプリンセス,2018,牝,酒井一則,2024-11-21 15:51:38,NULL,2024-11-21 15:51:38
1987220246,ドゥフタハ,2020,牡,藪口一麻,2024-11-21 15:51:38,NULL,2024-11-21 15:51:38
1909064458,クインズカヤノヒメ,2020,牝,八木正喜,2024-11-21 15:51:38,NULL,2024-11-21 15:51:38
1835536159,ラーズグリーズ,2017,セ,工藤伸輔,2024-11-21 15:51:38,NULL,2024-11-21 15:51:38
1121634872,ナガタエナジー,2021,牡,岩本洋,2024-11-21 15:51:38,NULL,2024-11-21 15:51:38
1026977369,ジャスミンカーラ,2019,牝,平山真希,2024-11-21 15:51:38,NULL,2024-11-21 15:51:38
1717545007,ビートルジュース,2019,牝,小久保智,2024-11-21 15:51:38,NULL,2024-11-21 15:51:38
1418437117,シーメジャー,2021,牝,新井清重,2024-11-21 15:51:38,NULL,2024-11-21 15:51:38
1041097600,アメ,2020,牝,長谷川忍,2024-11-21 15:51:38,NULL,2024-11-21 15:51:38
1991335736,カヴァラ,2021,牝,武井和実,2024-11-21 15:51:38,NULL,2024-11-21 15:51:38
1395037446,コングラツィア,2016,牝,林幻,2024-11-21 15:51:38,NULL,2024-11-21 15:51:38
1755208652,ワカメチャン,2021,牝,宇野木博,2024-11-21 15:51:38,NULL,2024-11-21 15:51:38
1593395515,ファイアスター,2021,牡,工藤伸輔,2024-11-21 15:51:38,NULL,2024-11-21 15:51:38
1275902139,ヨドノホマレ,2019,セ,平山真希,2024-11-21 15:51:38,NULL,2024-11-21 15:51:38
1620662530,ハンティングギア,2019,牡,林正人,2024-11-21 15:51:38,NULL,2024-11-21 15:51:38
1821416376,ユーロックデュード,2019,牝,新井清重,2024-11-21 15:51:38,NULL,2024-11-21 15:51:38
1346439449,ユアソーラ,2017,セ,繁田健一,2024-11-21 15:51:38,NULL,2024-11-21 15:51:38
1682361140,イチゴホイップ,2020,牝,海馬澤司,2024-11-21 15:51:38,NULL,2024-11-21 15:51:38
1886281947,フォンテーヌパーク,2020,牡,玉井昇,2024-11-21 15:51:38,NULL,2024-11-21 15:51:38
1494320938,スカイパーフェクト,2019,牝,吉田正美,2024-11-21 15:51:38,NULL,2024-11-21 15:51:38
1324779391,カミヤガルーラ,2018,牡,内野健二,2024-11-21 15:51:38,NULL,2024-11-21 15:51:38
1368326799,ワイルドダンク,2020,牡,野口寛仁,2024-11-21 15:51:38,NULL,2024-11-21 15:51:38
1313721515,ユウユウグリュック,2017,牝,横山保,2024-11-21 15:51:38,NULL,2024-11-21 15:51:38
1027697616,ゲットデザイアー,2019,牝,川村守男,2024-11-21 15:51:38,NULL,2024-11-21 15:51:38
1666261847,エイシンケンラン,2020,牝,藪口一麻,2024-11-21 15:51:38,NULL,2024-11-21 15:51:38
1996099189,サンライズテソロ,2018,牡,川島豊,2024-11-21 15:51:38,NULL,2024-11-21 15:51:38
1778216588,ブルートルマリン,2019,牝,久保勇,2024-11-21 15:51:38,NULL,2024-11-21 15:51:38
1283271901,ボビン,2016,牝,内野健二,2024-11-21 15:51:38,NULL,2024-11-21 15:51:38
1121997244,リュウノアーダーン,2018,牝,川村守男,2024-11-21 15:51:38,NULL,2024-11-21 15:51:38
1499311494,ピースリアン,2017,牡,横山保,2024-11-21 15:51:38,NULL,2024-11-21 15:51:38
1495864483,シントーツバキ,2020,牝,酒井一則,2024-11-21 15:51:38,NULL,2024-11-21 15:51:38
1573345504,ダンストンムート,2020,牝,野口孝,2024-11-21 15:51:38,NULL,2024-11-21 15:51:38
1039993313,メーネフロタント,2020,牝,小林真治,2024-11-21 15:51:38,NULL,2024-11-21 15:51:38
1177841466,タカマルカート,2021,牝,岩本洋,2024-11-21 15:51:38,NULL,2024-11-21 15:51:38
1545248705,ワンダーフェンリル,2018,牡,鈴木勝文,2024-11-21 15:51:38,NULL,2024-11-21 15:51:38
1289896944,イルローザ,2021,牝,野口寛仁,2024-11-21 15:51:38,NULL,2024-11-21 15:51:38
1860332712,サンシスイメイ,2021,牝,水野貴史,2024-11-21 15:51:38,NULL,2024-11-21 15:51:38
1054308200,プレパレンセ,2017,牝,工藤伸輔,2024-11-21 15:51:38,NULL,2024-11-21 15:51:38
1976271091,ラガッツァステッラ,2021,牝,藤原智行,2024-11-21 15:51:38,NULL,2024-11-21 15:51:38
1079474432,モーニングヒマワリ,2020,牝,箕輪武,2024-11-21 15:51:38,NULL,2024-11-21 15:51:38
1813389165,エイシンエメラルド,2020,牝,工藤伸輔,2024-11-21 15:51:38,NULL,2024-11-21 15:51:38
1699986666,アイアムカチマショ,2020,牝,川島豊,2024-11-21 15:51:38,NULL,2024-11-21 15:51:38
1635686219,コパノステファニー,2021,牝,田島寿一,2024-11-21 15:51:38,NULL,2024-11-21 15:51:38
1013882408,エリークラウン,2019,牝,入口由美,2024-11-21 15:51:38,NULL,2024-11-21 15:51:38
1721453367,イデアガウディ,2021,牡,鹿沼良和,2024-11-21 15:51:38,NULL,2024-11-21 15:51:38
1321428771,クーネルアソブ,2021,牡,藪口一麻,2024-11-21 15:51:38,NULL,2024-11-21 15:51:38
1996291144,クレウーサ,2019,牝,小澤宏次,2024-11-21 15:51:38,NULL,2024-11-21 15:51:38
1333756844,クインズハッピー,2019,牝,小林真治,2024-11-21 15:51:38,NULL,2024-11-21 15:51:38
1635218199,シノブデスティーノ,2021,牝,鈴木義久,2024-11-21 15:51:38,NULL,2024-11-21 15:51:38
1622295872,エムリエール,2019,牡,小澤宏次,2024-11-21 15:51:38,NULL,2024-11-21 15:51:38
1962636373,ナーヴィスゼータ,2022,牝,宇野木博,2024-11-21 15:51:38,NULL,2024-11-21 15:51:38
1279670136,パンプルミュゼ,2022,牡,藤原智行,2024-11-21 15:51:38,NULL,2024-11-21 15:51:38
1137152378,シェナノパリオ,2022,牡,冨田敏男,2024-11-21 15:51:38,NULL,2024-11-21 15:51:38
1149463294,ツウエンティフォー,2022,牝,小久保智,2024-11-21 15:51:38,NULL,2024-11-21 15:51:38
1999420636,クマノコ,2022,牝,宇野木博,2024-11-21 15:51:38,NULL,2024-11-21 15:51:38
1601696315,ファイアトーチ,2022,牝,小久保智,2024-11-21 15:51:38,NULL,2024-11-21 15:51:38
1316309401,ルナフォルトゥーナ,2022,牡,藤原智行,2024-11-21 15:51:38,NULL,2024-11-21 15:51:38
1174382548,ビバワセダ,2022,牝,福田真広,2024-11-21 15:51:38,NULL,2024-11-21 15:51:38
1072800329,バトルホッパー,2019,牡,横山保,2024-11-21 15:51:38,NULL,2024-11-21 15:51:38
1867145380,バリブラック,2019,セ,小林真治,2024-11-21 15:51:38,NULL,2024-11-21 15:51:38
1006335053,キングフリオーソ,2018,牡,佐々木功,2024-11-21 15:51:38,NULL,2024-11-21 15:51:38
1590978903,アルティメット,2021,牝,小久保智,2024-11-21 15:51:38,NULL,2024-11-21 15:51:38
1065445937,ツワモノ,2020,牡,田島寿一,2024-11-21 15:51:38,NULL,2024-11-21 15:51:38
1217490688,エーティースピカ,2020,牝,宇野木博,2024-11-21 15:51:38,NULL,2024-11-21 15:51:38
1046039477,デアフリンガー,2021,牡,岩本洋,2024-11-21 15:51:38,NULL,2024-11-21 15:51:38
1882767013,ツーエムルーイー,2020,牝,小澤宏次,2024-11-21 15:51:38,NULL,2024-11-21 15:51:38
1069776817,パクスジャポニカ,2018,牡,入口由美,2024-11-21 15:51:38,NULL,2024-11-21 15:51:38
1805910808,ポップコーン,2021,牡,平山真希,2024-11-21 15:51:38,NULL,2024-11-21 15:51:38
1714627149,コスモパンドラ,2019,牝,箕輪武,2024-11-21 15:51:38,NULL,2024-11-21 15:51:38
1345204018,マオノオラクル,2019,牡,渋谷信博,2024-11-21 15:51:38,NULL,2024-11-21 15:51:38
1158747037,ユヅルハ,2020,牝,新井清重,2024-11-21 15:51:38,NULL,2024-11-21 15:51:38
1877055871,ヌンヌンシー,2020,牡,長谷川忍,2024-11-21 15:51:38,NULL,2024-11-21 15:51:38
1263069147,ナツハヨル,2018,牝,横山保,2024-11-21 15:51:38,NULL,2024-11-21 15:51:38
1208988887,ジオヴィグラス,2018,セ,吉田正美,2024-11-21 15:51:38,NULL,2024-11-21 15:51:38
1075235130,モナークスラッガー,2020,牡,田島寿一,2024-11-21 15:51:38,NULL,2024-11-21 15:51:38
1696288494,タイムトラベラー,2020,牡,吉田正美,2024-11-21 15:51:38,NULL,2024-11-21 15:51:38
1149803367,ニューレトロ,2019,牡,内野健二,2024-11-21 15:51:38,NULL,2024-11-21 15:51:38
1524640578,キミトユメヲカケル,2020,牝,長谷川忍,2024-11-21 15:51:38,NULL,2024-11-21 15:51:38
1085343712,マテラガニア,2018,牝,水野貴史,2024-11-21 15:51:38,NULL,2024-11-21 15:51:38
1791318234,スモークフレイバー,2021,牡,繁田健一,2024-11-21 15:51:38,NULL,2024-11-21 15:51:38
1043209248,エイシンネクタル,2020,牡,藤原智行,2024-11-21 15:51:38,NULL,2024-11-21 15:51:38
1587312501,スターサルファー,2021,牡,小澤宏次,2024-11-21 15:51:38,NULL,2024-11-21 15:51:38
1329507449,メロスゴー,2021,牡,箕輪武,2024-11-21 15:51:38,NULL,2024-11-21 15:51:38
1045484704,オーマイオーマイ,2017,牡,内野健二,2024-11-21 15:51:38,NULL,2024-11-21 15:51:38
1480399405,マスクドサムライ,2019,牡,藤原智行,2024-11-21 15:51:38,NULL,2024-11-21 15:51:38
1975065628,アウトパフォーム,2019,セ,宇野木博,2024-11-21 15:51:38,NULL,2024-11-21 15:51:38
1786429779,カズオルヴァル,2017,セ,箕輪武,2024-11-21 15:51:38,NULL,2024-11-21 15:51:38
1905932548,ミティエラ,2019,牝,工藤伸輔,2024-11-21 15:51:38,NULL,2024-11-21 15:51:38
1795379480,ヴェルデヴェント,2019,牝,岡林光浩,2024-11-21 15:51:38,NULL,2024-11-21 15:51:38
1282230301,ヒテン,2021,牝,小久保智,2024-11-21 15:51:38,NULL,2024-11-21 15:51:38
1331035588,パールアゲイン,2019,牝,鹿沼良和,2024-11-21 15:51:38,NULL,2024-11-21 15:51:38
1256695169,ラブリアージェ,2019,牝,佐藤裕太,2024-11-21 15:51:38,NULL,2024-11-21 15:51:38
1357335636,ロードアブソルート,2016,牡,伊藤滋規,2024-11-21 15:51:38,NULL,2024-11-21 15:51:38
1166663844,オークハンプトン,2018,牡,岡林光浩,2024-11-21 15:51:38,NULL,2024-11-21 15:51:38
1317518677,ニヨドスマイル,2018,牡,岩本洋,2024-11-21 15:51:38,NULL,2024-11-21 15:51:38
1228012183,ビナサクセス,2018,牡,水野貴史,2024-11-21 15:51:38,NULL,2024-11-21 15:51:38
1080240296,セイウンパワフル,2017,牡,川島豊,2024-11-21 15:51:38,NULL,2024-11-21 15:51:38
1551320509,ティーファイブ,2019,牡,小久保智,2024-11-21 15:51:38,NULL,2024-11-21 15:51:38
1768345142,ビッグショータイム,2021,牡,斉藤敏,2024-11-21 15:51:38,NULL,2024-11-21 15:51:38
1042421480,スパルタレオニダス,2019,牡,繁田健一,2024-11-21 15:51:38,NULL,2024-11-21 15:51:38
1157091732,サンレブンワース,2019,セ,工藤伸輔,2024-11-21 15:51:38,NULL,2024-11-21 15:51:38
1563459684,ガラデレオン,2017,牡,海馬澤司,2024-11-21 15:51:38,NULL,2024-11-21 15:51:38
1575650048,ベルガラス,2021,牡,斉藤敏,2024-11-21 15:51:38,NULL,2024-11-21 15:51:38
1035135788,コスモビートイット,2017,牡,川島豊,2024-11-21 15:51:38,NULL,2024-11-21 15:51:38
1424020875,コルテデフィート,2021,牡,甲田悟史,2024-11-21 15:51:38,NULL,2024-11-21 15:51:38
1009274945,クロダブシ,2021,牡,高野毅,2024-11-21 15:51:38,NULL,2024-11-21 15:51:38
1662552178,カラフルフレスコ,2019,牝,工藤伸輔,2024-11-21 15:51:38,NULL,2024-11-21 15:51:38
1846383039,ライコウノヒカリ,2020,牡,水野貴史,2024-11-21 15:51:38,NULL,2024-11-21 15:51:38
1318687662,グローリアスメイ,2020,牝,河津裕昭,2024-11-21 15:51:38,NULL,2024-11-21 15:51:38
1660186429,ニシノシャイニング,2020,牡,佐々木清,2024-11-21 15:51:38,NULL,2024-11-21 15:51:38
1089331432,プラウドコラゾン,2021,牝,竹下太,2024-11-21 15:51:38,NULL,2024-11-21 15:51:38
1756305942,マイネルアットーレ,2021,牡,竹下直人,2024-11-21 15:51:38,NULL,2024-11-21 15:51:38
1685520401,クレアツィオーネ,2021,牡,竹之下昭,2024-11-21 15:51:38,NULL,2024-11-21 15:51:38
1038632837,ダイキリ,2021,セ,榎屋充,2024-11-21 15:51:38,NULL,2024-11-21 15:51:38
1965106909,アールアンドビー,2021,牡,角田輝也,2024-11-21 15:51:38,NULL,2024-11-21 15:51:38
1783592703,レディマジェスティ,2021,牝,竹下太,2024-11-21 15:51:38,NULL,2024-11-21 15:51:38
1404370191,アースヒロイン,2021,牝,倉地学,2024-11-21 15:51:38,NULL,2024-11-21 15:51:38
1473089067,ウインセレーネ,2021,牝,原口次夫,2024-11-21 15:51:38,NULL,2024-11-21 15:51:38
1324393146,ダックリン,2021,牝,戸部尚実,2024-11-21 15:51:38,NULL,2024-11-21 15:51:38
1096434348,ボスコヴェローチェ,2021,牡,櫻井今朝,2024-11-21 15:51:38,NULL,2024-11-21 15:51:38
1399756782,ケイプグッドホープ,2021,牡,瀬戸口悟,2024-11-21 15:51:38,NULL,2024-11-21 15:51:38
1453457948,レッグスルー,2021,牡,瀬戸口悟,2024-11-21 15:51:38,NULL,2024-11-21 15:51:38
1473174927,エスケイプラン,2021,牡,塚田隆男,2024-11-21 15:51:38,NULL,2024-11-21 15:51:38
1171211937,ラプンタ,2020,牝,本名信行,2024-11-21 15:51:38,NULL,2024-11-21 15:51:38
1604736002,ダイセントロワ,2021,牡,今津博之,2024-11-21 15:51:38,NULL,2024-11-21 15:51:38
1105044748,ブナシメジ,2021,牡,伊藤勝己,2024-11-21 15:51:38,NULL,2024-11-21 15:51:38
1675474371,ハッピーベル,2021,牝,角田輝也,2024-11-21 15:51:38,NULL,2024-11-21 15:51:38
1177595193,クロスロード,2016,牝,井上哲,2024-11-21 15:51:38,NULL,2024-11-21 15:51:38
1271505828,モストロネーロ,2020,牡,沖田明子,2024-11-21 15:51:38,NULL,2024-11-21 15:51:38
1096782069,アルーリングソレル,2021,牝,沖田明子,2024-11-21 15:51:38,NULL,2024-11-21 15:51:38
1334433182,ホームアンドドライ,2021,牡,今津勝之,2024-11-21 15:51:38,NULL,2024-11-21 15:51:38
1300596494,ロードスタウト,2021,牡,植松則幸,2024-11-21 15:51:38,NULL,2024-11-21 15:51:38
1456087696,ブリエロード,2020,牡,倉地学,2024-11-21 15:51:38,NULL,2024-11-21 15:51:38
1013122053,ビクトリーキャッチ,2020,牝,沖田明子,2024-11-21 15:51:38,NULL,2024-11-21 15:51:38
1046262980,レオボンバイエ,2021,牡,榎屋充,2024-11-21 15:51:38,NULL,2024-11-21 15:51:38
1899416315,ロードクリーガー,2017,牡,植松則幸,2024-11-21 15:51:38,NULL,2024-11-21 15:51:38
1775663282,オーブラボー,2021,牡,藤ヶ崎一,2024-11-21 15:51:38,NULL,2024-11-21 15:51:38
1834746776,ウィズユアハート,2021,牝,川西毅,2024-11-21 15:51:38,NULL,2024-11-21 15:51:38
1107283546,タキトゥス,2019,牝,倉地学,2024-11-21 15:51:38,NULL,2024-11-21 15:51:38
1798775571,サブリナワルツ,2021,牝,安部幸夫,2024-11-21 15:51:38,NULL,2024-11-21 15:51:38
1575333613,クリノエクリプス,2021,牡,今津勝之,2024-11-21 15:51:38,NULL,2024-11-21 15:51:38
1283023401,ヘルト,2021,牡,角田輝也,2024-11-21 15:51:38,NULL,2024-11-21 15:51:38
1053060234,フラッシュドロー,2020,牝,沖田明子,2024-11-21 15:51:38,NULL,2024-11-21 15:51:38
1185666088,ヴォーグアルタイル,2021,牡,原口次夫,2024-11-21 15:51:38,NULL,2024-11-21 15:51:38
1808387368,モーニングスカイ,2021,牝,塚田隆男,2024-11-21 15:51:38,NULL,2024-11-21 15:51:38
1242031016,ウォーターストンプ,2021,牝,塚田隆男,2024-11-21 15:51:38,NULL,2024-11-21 15:51:38
1284276001,ヤーゴ,2020,牡,安部幸夫,2024-11-21 15:51:38,NULL,2024-11-21 15:51:38
1030108292,フミソニック,2021,牝,櫻井今朝,2024-11-21 15:51:38,NULL,2024-11-21 15:51:38
1289709696,ウォーターアレ,2021,牡,塚田隆男,2024-11-21 15:51:38,NULL,2024-11-21 15:51:38
1963009291,ルヴォンサンライズ,2021,牝,沖田明子,2024-11-21 15:51:38,NULL,2024-11-21 15:51:38
1311033464,フッカツノチギリ,2021,牝,地辺幸一,2024-11-21 15:51:38,NULL,2024-11-21 15:51:38
1255351881,ユイノペニーワイズ,2019,牡,錦見勇夫,2024-11-21 15:51:38,NULL,2024-11-21 15:51:38
1840302504,コンジュラー,2021,牝,迫田清美,2024-11-21 15:51:38,NULL,2024-11-21 15:51:38
1745340533,シルクニードル,2021,牝,今津博之,2024-11-21 15:51:38,NULL,2024-11-21 15:51:38
1199442164,ウィージャスト,2021,牝,川西毅,2024-11-21 15:51:38,NULL,2024-11-21 15:51:38
1739470290,マルモリハピネス,2021,牝,川西毅,2024-11-21 15:51:38,NULL,2024-11-21 15:51:38
1090558896,クールフレア,2020,牝,錦見勇夫,2024-11-21 15:51:38,NULL,2024-11-21 15:51:38
1002153522,サノノミッキー,2021,牝,植松則幸,2024-11-21 15:51:38,NULL,2024-11-21 15:51:38
1132315174,エルキュール,2021,牝,今津勝之,2024-11-21 15:51:38,NULL,2024-11-21 15:51:38
1972767273,イルプリンチペ,2021,牡,迫田清美,2024-11-21 15:51:38,NULL,2024-11-21 15:51:38
1842692403,アルディオール,2021,牡,迫田清美,2024-11-21 15:51:38,NULL,2024-11-21 15:51:38
1123087448,ビーガール,2019,牝,竹口勝利,2024-11-21 15:51:38,NULL,2024-11-21 15:51:38
1258226614,ハッピーギフト,2021,牝,安部幸夫,2024-11-21 15:51:38,NULL,2024-11-21 15:51:38
1803473748,ラヴィデクラ,2021,牝,原口次夫,2024-11-21 15:51:38,NULL,2024-11-21 15:51:38
1145786220,ヤモリアツマレ,2021,牡,錦見勇夫,2024-11-21 15:51:38,NULL,2024-11-21 15:51:38
1791530049,コーリンマジェリー,2017,牝,錦見勇夫,2024-11-21 15:51:38,NULL,2024-11-21 15:51:38
1945235869,クリスマスイヴ,2021,牝,藤ヶ崎一,2024-11-21 15:51:38,NULL,2024-11-21 15:51:38
1199881557,スパイキーボウ,2021,牡,安部幸夫,2024-11-21 15:51:38,NULL,2024-11-21 15:51:38
1005110329,ジュンフィレンツェ,2021,牡,迫田清美,2024-11-21 15:51:38,NULL,2024-11-21 15:51:38
1483473649,エターナルキング,2021,牡,竹下太,2024-11-21 15:51:38,NULL,2024-11-21 15:51:38
1785309899,キタノポリッシュ,2021,牝,榎屋充,2024-11-21 15:51:38,NULL,2024-11-21 15:51:38
1459948463,ナムラアダム,2020,牡,藤ヶ崎一,2024-11-21 15:51:38,NULL,2024-11-21 15:51:38
1219418275,クリノトパーズ,2021,牝,今津博之,2024-11-21 15:51:38,NULL,2024-11-21 15:51:38
1878138364,インセンブレ,2021,牝,井手上慎,2024-11-21 15:51:38,NULL,2024-11-21 15:51:38
1989212842,ランオブザワールド,2021,牡,藤ヶ崎一,2024-11-21 15:51:38,NULL,2024-11-21 15:51:38
1082838595,モンデフェリシティ,2021,牝,藤ヶ崎一,2024-11-21 15:51:38,NULL,2024-11-21 15:51:38
1222749648,ココナッツナッツ,2020,牝,沖田明子,2024-11-21 15:51:38,NULL,2024-11-21 15:51:38
1106227937,ピナーカ,2021,牡,沖田明子,2024-11-21 15:51:38,NULL,2024-11-21 15:51:38
1182042737,ルヴェネ,2021,牡,川西毅,2024-11-21 15:51:38,NULL,2024-11-21 15:51:38
1599138541,メイショウトレック,2021,牡,瀬戸口悟,2024-11-21 15:51:38,NULL,2024-11-21 15:51:38
1979015031,オールラウンダー,2021,牡,迫田清美,2024-11-21 15:51:38,NULL,2024-11-21 15:51:38
1010572275,アキノイロクサ,2020,牝,今津勝之,2024-11-21 15:51:38,NULL,2024-11-21 15:51:38
1114722344,オイデメセ,2021,牝,植松則幸,2024-11-21 15:51:38,NULL,2024-11-21 15:51:38
1359286265,サイモンモーニング,2021,牡,竹下太,2024-11-21 15:51:38,NULL,2024-11-21 15:51:38
1307025147,トリブート,2019,牡,錦見勇夫,2024-11-21 15:51:38,NULL,2024-11-21 15:51:38
1979330536,カゲロウ,2021,牡,藤ヶ崎一,2024-11-21 15:51:38,NULL,2024-11-21 15:51:38
1176160937,リュウコ,2020,牡,安部幸夫,2024-11-21 15:51:38,NULL,2024-11-21 15:51:38
1813918575,ウォーオブサウンド,2021,牡,榎屋充,2024-11-21 15:51:38,NULL,2024-11-21 15:51:38
1696713056,ユウトザアシゲ,2021,牡,倉地学,2024-11-21 15:51:38,NULL,2024-11-21 15:51:38
1873061735,フィールドゲラン,2019,牝,今津勝之,2024-11-21 15:51:38,NULL,2024-11-21 15:51:38
1020984188,コーリンカルベラ,2021,牡,錦見勇夫,2024-11-21 15:51:38,NULL,2024-11-21 15:51:38
1871577909,キャラメルショコラ,2021,牝,安部幸夫,2024-11-21 15:51:38,NULL,2024-11-21 15:51:38
1260163538,キャンディタフト,2021,牝,坂口義幸,2024-11-21 15:51:38,NULL,2024-11-21 15:51:38
1519277213,クスノキワーク,2021,牝,倉地学,2024-11-21 15:51:38,NULL,2024-11-21 15:51:38
1905575082,タマモエイトビート,2019,牡,坂口義幸,2024-11-21 15:51:38,NULL,2024-11-21 15:51:38
1332788501,フクノデイジー,2020,牝,竹下太,2024-11-21 15:51:38,NULL,2024-11-21 15:51:38
1456722982,カラードレス,2020,牝,戸部尚実,2024-11-21 15:51:38,NULL,2024-11-21 15:51:38
1717201647,ヌンカプト,2017,牡,今津勝之,2024-11-21 15:51:38,NULL,2024-11-21 15:51:38
1007969736,ノーブルガルフ,2019,牡,倉地学,2024-11-21 15:51:38,NULL,2024-11-21 15:51:38
1102154992,オウケントップ,2018,牡,藤ヶ崎一,2024-11-21 15:51:38,NULL,2024-11-21 15:51:38
1696040410,ダバイグラスノスチ,2020,牡,竹下太,2024-11-21 15:51:38,NULL,2024-11-21 15:51:38
1481898828,ストレンジャー,2021,牡,錦見勇夫,2024-11-21 15:51:38,NULL,2024-11-21 15:51:38
1425721079,ココロノエンジェル,2018,牝,井手上慎,2024-11-21 15:51:38,NULL,2024-11-21 15:51:38
1715543373,イントゥザファイア,2020,牡,角田輝也,2024-11-21 15:51:38,NULL,2024-11-21 15:51:38
1467922237,ラグナキリア,2018,牡,井手上慎,2024-11-21 15:51:38,NULL,2024-11-21 15:51:38
1253118928,エドノストリート,2018,牝,戸部尚実,2024-11-21 15:51:38,NULL,2024-11-21 15:51:38
1367796944,エルーシア,2020,牝,榎屋充,2024-11-21 15:51:38,NULL,2024-11-21 15:51:38
1701974945,シャローム,2021,牝,角田輝也,2024-11-21 15:51:38,NULL,2024-11-21 15:51:38
1148866624,キャッチザロマンス,2020,牝,地辺幸一,2024-11-21 15:51:38,NULL,2024-11-21 15:51:38
1278826601,ケイカ,2019,牝,川西毅,2024-11-21 15:51:38,NULL,2024-11-21 15:51:38
1441572361,カツゲキウマムスビ,2020,牝,原口次夫,2024-11-21 15:51:38,NULL,2024-11-21 15:51:38
1354626694,ココロオドル,2021,牝,榎屋充,2024-11-21 15:51:38,NULL,2024-11-21 15:51:38
1140419461,ミストラルウインド,2017,牡,今津博之,2024-11-21 15:51:38,NULL,2024-11-21 15:51:38
1847800886,マイネルラック,2013,牡,今津博之,2024-11-21 15:51:38,NULL,2024-11-21 15:51:38
1470376195,ケンドチョウライ,2020,牝,坂口義幸,2024-11-21 15:51:38,NULL,2024-11-21 15:51:38
1742160583,セイエクシード,2018,牡,安部幸夫,2024-11-21 15:51:38,NULL,2024-11-21 15:51:38
1343727100,キージュピター,2019,牡,川西毅,2024-11-21 15:51:38,NULL,2024-11-21 15:51:38
1008971460,ファルコンウィング,2017,牡,今津博之,2024-11-21 15:51:38,NULL,2024-11-21 15:51:38
1455266158,アルバーシャ,2018,牡,今津博之,2024-11-21 15:51:38,NULL,2024-11-21 15:51:38
1526750085,カールポメロ,2020,牝,地辺幸一,2024-11-21 15:51:38,NULL,2024-11-21 15:51:38
1974187165,オラヴェリタス,2019,牡,今津博之,2024-11-21 15:51:38,NULL,2024-11-21 15:51:38
1247106865,レアリーズレーヴ,2020,牝,塚田隆男,2024-11-21 15:51:38,NULL,2024-11-21 15:51:38
1374034179,マッドルーレット,2018,牡,川西毅,2024-11-21 15:51:38,NULL,2024-11-21 15:51:38
1873729445,ラッキードリーム,2018,牡,坂井英光,2024-11-21 15:51:38,NULL,2024-11-21 15:51:38
1699121905,ラジカルバローズ,2021,牡,角田輝也,2024-11-21 15:51:38,NULL,2024-11-21 15:51:38
1089370092,セイヴァリアント,2016,牡,安部幸夫,2024-11-21 15:51:38,NULL,2024-11-21 15:51:38
1652472685,ベルウッドグラス,2020,牡,加藤和義,2024-11-21 15:51:38,NULL,2024-11-21 15:51:38
1736958574,ダンシングラブリー,2020,牝,竹下太,2024-11-21 15:51:38,NULL,2024-11-21 15:51:38
1437311561,エアアルマス,2015,牡,林隆之,2024-11-21 15:51:38,NULL,2024-11-21 15:51:38
1792459788,マンダリンヒーロー,2020,牡,藤田輝信,2024-11-21 15:51:38,NULL,2024-11-21 15:51:38
1251649397,アンタンスルフレ,2018,セ,角田輝也,2024-11-21 15:51:38,NULL,2024-11-21 15:51:38
1283888301,メルト,2019,牡,角田輝也,2024-11-21 15:51:38,NULL,2024-11-21 15:51:38
1338350083,ミトノウォリアー,2021,セ,角田輝也,2024-11-21 15:51:38,NULL,2024-11-21 15:51:38
1237176532,シャイニーロック,2016,牡,竹下太,2024-11-21 15:51:38,NULL,2024-11-21 15:51:38
1123887250,サーブルクーリエ,2021,セ,倉地学,2024-11-21 15:51:38,NULL,2024-11-21 15:51:38
1483485747,イーストベンティ,2020,牡,塚田隆男,2024-11-21 15:51:38,NULL,2024-11-21 15:51:38
1968094436,エウロス,2021,牡,坂口義幸,2024-11-21 15:51:38,NULL,2024-11-21 15:51:38
1935248445,ジーファー,2020,牝,藤ヶ崎一,2024-11-21 15:51:38,NULL,2024-11-21 15:51:38
1921970263,サクリファイス,2021,牡,倉地学,2024-11-21 15:51:38,NULL,2024-11-21 15:51:38
1486249012,ドラゴンキッド,2021,牡,角田輝也,2024-11-21 15:51:38,NULL,2024-11-21 15:51:38
1381152145,コルヴィル,2021,牝,角田輝也,2024-11-21 15:51:38,NULL,2024-11-21 15:51:38
1265384535,ビッグブロック,2021,牡,榎屋充,2024-11-21 15:51:38,NULL,2024-11-21 15:51:38
1516868205,シスコスター,2021,牝,角田輝也,2024-11-21 15:51:38,NULL,2024-11-21 15:51:38
1252208866,シトロンヴェール,2021,牡,藤ヶ崎一,2024-11-21 15:51:38,NULL,2024-11-21 15:51:38
1132580173,コズミックコール,2020,牝,錦見勇夫,2024-11-21 15:51:38,NULL,2024-11-21 15:51:38
1507001449,エターナルブルー,2021,セ,戸部尚実,2024-11-21 15:51:38,NULL,2024-11-21 15:51:38
1255133348,エイシンペネロペ,2020,牝,黒田隆男,2024-11-21 15:51:38,NULL,2024-11-21 15:51:38
1272262942,メイショウロールス,2017,牡,山元博徳,2024-11-21 15:51:38,NULL,2024-11-21 15:51:38
1296825915,コロコロラスク,2020,牝,岡田利一,2024-11-21 15:51:38,NULL,2024-11-21 15:51:38
1349627715,リュウワンヒメ,2019,牝,尾原強,2024-11-21 15:51:38,NULL,2024-11-21 15:51:38
1283896201,メロス,2015,牡,南弘樹,2024-11-21 15:51:38,NULL,2024-11-21 15:51:38
1739082942,レイドフルール,2018,牝,西川進也,2024-11-21 15:51:38,NULL,2024-11-21 15:51:38
1525440052,バイアスペクター,2021,牝,野田忍,2024-11-21 15:51:38,NULL,2024-11-21 15:51:38
1057759553,フェザースカイ,2021,牡,新井隆太,2024-11-21 15:51:38,NULL,2024-11-21 15:51:38
1346247251,ドリームチェイサー,2021,牝,溝橋利喜,2024-11-21 15:51:38,NULL,2024-11-21 15:51:38
1066341532,スマートキャノン,2019,牡,尾林幸二,2024-11-21 15:51:38,NULL,2024-11-21 15:51:38
1014552537,サノワン,2019,セ,西村守幸,2024-11-21 15:51:38,NULL,2024-11-21 15:51:38
1063855254,フェズンツアイ,2018,牝,徳本慶一,2024-11-21 15:51:38,NULL,2024-11-21 15:51:38
1092790637,ヒイラギ,2019,牝,土屋洋之,2024-11-21 15:51:38,NULL,2024-11-21 15:51:38
1450223836,リケアネーブル,2020,牡,大塚信次,2024-11-21 15:51:38,NULL,2024-11-21 15:51:38
1312079502,エリュシデータ,2019,牡,織田誠,2024-11-21 15:51:38,NULL,2024-11-21 15:51:38
1254748548,ペイバスク,2018,牝,黒田隆男,2024-11-21 15:51:38,NULL,2024-11-21 15:51:38
1870375547,フェイスナイン,2020,牝,栗林徹治,2024-11-21 15:51:38,NULL,2024-11-21 15:51:38
1755278234,ヤマニンフィリア,2021,牝,松平幸秀,2024-11-21 15:51:38,NULL,2024-11-21 15:51:38
1013975937,サノケン,2019,牡,山元博徳,2024-11-21 15:51:38,NULL,2024-11-21 15:51:38
1137878909,ヴィンチトーレ,2019,牡,栗林徹治,2024-11-21 15:51:38,NULL,2024-11-21 15:51:38
1724416129,タナバリアシハヤイ,2021,牡,石橋満,2024-11-21 15:51:38,NULL,2024-11-21 15:51:38
1111748721,ウィステリアダディ,2018,牡,保利良次,2024-11-21 15:51:38,NULL,2024-11-21 15:51:38
1967732020,ゲンパチシャドウ,2016,牡,茂崎正善,2024-11-21 15:51:38,NULL,2024-11-21 15:51:38
1335857018,マルテラート,2019,牝,保利良次,2024-11-21 15:51:38,NULL,2024-11-21 15:51:38
1462129500,モリデンジュウドー,2021,牡,野田忍,2024-11-21 15:51:38,NULL,2024-11-21 15:51:38
1937671971,パインピーチ,2021,牝,黒田隆男,2024-11-21 15:51:38,NULL,2024-11-21 15:51:38
1030714595,パルマノーヴァ,2021,牝,長南和宏,2024-11-21 15:51:38,NULL,2024-11-21 15:51:38
1740665086,ヒロナミカゼ,2021,牡,徳本慶一,2024-11-21 15:51:38,NULL,2024-11-21 15:51:38
1425865906,ワンダースパイン,2018,牡,西村守幸,2024-11-21 15:51:38,NULL,2024-11-21 15:51:38
1980876390,パラジウムリボン,2017,牝,茂崎正善,2024-11-21 15:51:38,NULL,2024-11-21 15:51:38
1289937948,ブラスター,2020,牡,田村彰啓,2024-11-21 15:51:38,NULL,2024-11-21 15:51:38
1283319401,マタギ,2017,牡,小村正也,2024-11-21 15:51:38,NULL,2024-11-21 15:51:38
1077677444,アラジャイ,2021,牡,碇清次郎,2024-11-21 15:51:38,NULL,2024-11-21 15:51:38
1082729174,ゲイジュツガクブ,2020,牝,松平幸秀,2024-11-21 15:51:38,NULL,2024-11-21 15:51:38
1688466819,ダイニセンタセーラ,2021,牡,徳本慶一,2024-11-21 15:51:38,NULL,2024-11-21 15:51:38
1190785464,ララヴァシュラン,2018,セ,尾原強,2024-11-21 15:51:38,NULL,2024-11-21 15:51:38
1617139347,グラスヴィガー,2020,牡,田中道夫,2024-11-21 15:51:38,NULL,2024-11-21 15:51:38
1561633350,ウエルカムキリシマ,2021,牝,高馬元紘,2024-11-21 15:51:38,NULL,2024-11-21 15:51:38
1057159617,ニシノウインド,2021,牡,山口浩幸,2024-11-21 15:51:38,NULL,2024-11-21 15:51:38
1058203164,ムビョウソクサイ,2021,セ,尾林幸二,2024-11-21 15:51:38,NULL,2024-11-21 15:51:38
1288713930,ガミラスソロモン,2020,セ,大塚信次,2024-11-21 15:51:38,NULL,2024-11-21 15:51:38
1088537598,シャトーボビー,2020,牡,保利良平,2024-11-21 15:51:38,NULL,2024-11-21 15:51:38
1726169878,ノーフェイク,2015,セ,西川進也,2024-11-21 15:51:38,NULL,2024-11-21 15:51:38
1048462664,ジェイエルマリーナ,2021,牝,諏訪貴正,2024-11-21 15:51:38,NULL,2024-11-21 15:51:38
1759014533,ユナクレバー,2021,牝,木村健,2024-11-21 15:51:38,NULL,2024-11-21 15:51:38
1838498405,ヤマイチラブリー,2020,牝,田中道夫,2024-11-21 15:51:38,NULL,2024-11-21 15:51:38
1408860939,アトムヴェローチェ,2017,牝,岡田利一,2024-11-21 15:51:38,NULL,2024-11-21 15:51:38
1183611850,ルミリオン,2021,牡,橋本忠明,2024-11-21 15:51:38,NULL,2024-11-21 15:51:38
1002957877,ヒシアラカン,2019,牡,長南和宏,2024-11-21 15:51:38,NULL,2024-11-21 15:51:38
1609854934,ペレストリーナ,2021,牝,高本友芳,2024-11-21 15:51:38,NULL,2024-11-21 15:51:38
1917740450,ラガーヴィーヴ,2017,牝,溝橋利喜,2024-11-21 15:51:38,NULL,2024-11-21 15:51:38
1732217848,マジェンカ,2021,牝,大山寿文,2024-11-21 15:51:38,NULL,2024-11-21 15:51:38
1627876261,テクノハッピー,2021,牡,中塚猛,2024-11-21 15:51:38,NULL,2024-11-21 15:51:38
1742386694,ラディアントホース,2021,牝,尾林幸二,2024-11-21 15:51:38,NULL,2024-11-21 15:51:38
1696174402,シェナダンス,2021,牡,山口浩幸,2024-11-21 15:51:38,NULL,2024-11-21 15:51:38
1521291884,テーオーロビンソン,2021,牡,石橋満,2024-11-21 15:51:38,NULL,2024-11-21 15:51:38
1555697690,ブラッドショー,2021,牡,雑賀伸一,2024-11-21 15:51:38,NULL,2024-11-21 15:51:38
1011567765,ミユキマーベリック,2021,牡,諏訪貴正,2024-11-21 15:51:38,NULL,2024-11-21 15:51:38
1339711514,ミラクルキャッチ,2018,牝,織田誠,2024-11-21 15:51:38,NULL,2024-11-21 15:51:38
1522965490,ブディナラン,2021,牝,稻田彰宏,2024-11-21 15:51:38,NULL,2024-11-21 15:51:38
1960902959,ウィリデシルバ,2020,牡,平松徳彦,2024-11-21 15:51:38,NULL,2024-11-21 15:51:38
1782857981,スエヒロイナズマ,2020,牝,寺地誠一,2024-11-21 15:51:38,NULL,2024-11-21 15:51:38
1158141323,モデルチャン,2021,牝,長南和宏,2024-11-21 15:51:38,NULL,2024-11-21 15:51:38
1734916315,スパークロス,2021,牡,高本友芳,2024-11-21 15:51:38,NULL,2024-11-21 15:51:38
1467598258,アルフェニン,2020,牝,田村彰啓,2024-11-21 15:51:38,NULL,2024-11-21 15:51:38
1071774351,ヴラマンク,2019,牡,保利良次,2024-11-21 15:51:38,NULL,2024-11-21 15:51:38
1891235753,テリオスノア,2020,牝,茂崎正善,2024-11-21 15:51:38,NULL,2024-11-21 15:51:38
1543578241,ジューンクエスト,2018,牡,西川進也,2024-11-21 15:51:38,NULL,2024-11-21 15:51:38
1746026877,シェナクィーン,2020,牝,山口浩幸,2024-11-21 15:51:38,NULL,2024-11-21 15:51:38
1153863318,インビジブルタッチ,2021,牡,新井隆太,2024-11-21 15:51:38,NULL,2024-11-21 15:51:38
1407864279,フライウィズミー,2020,牝,長南和宏,2024-11-21 15:51:38,NULL,2024-11-21 15:51:38
1027183260,マリノマジカル,2021,牝,飯田良弘,2024-11-21 15:51:38,NULL,2024-11-21 15:51:38
1939791337,ジャスティンマリブ,2019,牡,森澤友貴,2024-11-21 15:51:38,NULL,2024-11-21 15:51:38
1571018550,マイネルコモドーア,2021,牡,田中範雄,2024-11-21 15:51:38,NULL,2024-11-21 15:51:38
1930440552,トゥームレイダー,2021,牝,尾林幸二,2024-11-21 15:51:38,NULL,2024-11-21 15:51:38
1464420606,ランスオブビーナス,2020,牝,長倉功,2024-11-21 15:51:38,NULL,2024-11-21 15:51:38
1610995015,ファイアボルト,2020,牡,木村健,2024-11-21 15:51:38,NULL,2024-11-21 15:51:38
1801925502,ナリタサフラン,2018,牝,茂崎正善,2024-11-21 15:51:38,NULL,2024-11-21 15:51:38
1620119875,キアロヴェローチェ,2021,セ,長南和宏,2024-11-21 15:51:38,NULL,2024-11-21 15:51:38
1104398581,サトノハルモニア,2021,牝,石橋満,2024-11-21 15:51:38,NULL,2024-11-21 15:51:38
1346881190,ギルトエッジ,2021,牡,保利良平,2024-11-21 15:51:38,NULL,2024-11-21 15:51:38
1980934190,アグネスリュウ,2019,牡,岡田利一,2024-11-21 15:51:38,NULL,2024-11-21 15:51:38
1327861056,ラプンツェルムーン,2019,牝,野田忍,2024-11-21 15:51:38,NULL,2024-11-21 15:51:38
1003246468,ハギノアネラ,2021,牝,飯田良弘,2024-11-21 15:51:38,NULL,2024-11-21 15:51:38
1680507548,マクギリス,2020,牡,藤川純,2024-11-21 15:51:38,NULL,2024-11-21 15:51:38
1062579264,エクソソーム,2020,牝,田中一巧,2024-11-21 15:51:38,NULL,2024-11-21 15:51:38
1404631338,イマナンジャナイ,2021,牝,南弘樹,2024-11-21 15:51:38,NULL,2024-11-21 15:51:38
1688577311,スターファイター,2017,牡,保利良平,2024-11-21 15:51:38,NULL,2024-11-21 15:51:38
1671432342,テイケイヴォーグ,2020,牡,山口浩幸,2024-11-21 15:51:38,NULL,2024-11-21 15:51:38
1602318583,ストロングジェット,2016,牡,保利良次,2024-11-21 15:51:38,NULL,2024-11-21 15:51:38
1836854065,トロワシャルム,2017,セ,田中範雄,2024-11-21 15:51:38,NULL,2024-11-21 15:51:38
1372009295,コスモタイシ,2017,牡,南弘樹,2024-11-21 15:51:38,NULL,2024-11-21 15:51:38
1764282389,サトノドルチェ,2019,セ,森澤友貴,2024-11-21 15:51:38,NULL,2024-11-21 15:51:38
1207535894,カネミツエース,2020,牡,有馬澄男,2024-11-21 15:51:38,NULL,2024-11-21 15:51:38
1277104880,クレスコサンダー,2021,牡,玉垣光章,2024-11-21 15:51:38,NULL,2024-11-21 15:51:38
1684359823,タイヘイノヨ,2021,セ,田中一巧,2024-11-21 15:51:38,NULL,2024-11-21 15:51:38
1919893682,ロッカバラード,2020,牡,稻田彰宏,2024-11-21 15:51:38,NULL,2024-11-21 15:51:38
1007408348,エイシンマシーン,2017,牝,田中道夫,2024-11-21 15:51:38,NULL,2024-11-21 15:51:38
1084309644,トリプルスリル,2019,牡,碇清次郎,2024-11-21 15:51:38,NULL,2024-11-21 15:51:38
1916532601,ルソルティール,2020,牝,高本友芳,2024-11-21 15:51:38,NULL,2024-11-21 15:51:38
1688865402,シェナキング,2018,牡,山口浩幸,2024-11-21 15:51:38,NULL,2024-11-21 15:51:38
1166103160,キングレジェンド,2019,セ,尾林幸二,2024-11-21 15:51:38,NULL,2024-11-21 15:51:38
1817472353,ブエラフェルテ,2020,牡,保利良平,2024-11-21 15:51:38,NULL,2024-11-21 15:51:38
1060688436,ホクザンゴールド,2019,牡,橋本忠明,2024-11-21 15:51:38,NULL,2024-11-21 15:51:38
1807262717,エイシンリヒト,2018,牡,坂本和也,2024-11-21 15:51:38,NULL,2024-11-21 15:51:38
1194651124,クリノメガミエース,2019,牝,石橋満,2024-11-21 15:51:38,NULL,2024-11-21 15:51:38
1760989752,コンドリュール,2020,セ,松浦聡志,2024-11-21 15:51:38,NULL,2024-11-21 15:51:38
1231199524,ジーニアスレノン,2022,牡,保利良平,2024-11-21 15:51:38,NULL,2024-11-21 15:51:38
1677601191,ヤマニンシュラ,2022,牡,斉藤崇史,2024-11-21 15:51:38,NULL,2024-11-21 15:51:38
1662896213,サンジュウロウ,2022,牡,飯田良弘,2024-11-21 15:51:38,NULL,2024-11-21 15:51:38
1160955366,ラピドフィオーレ,2022,牡,田中範雄,2024-11-21 15:51:38,NULL,2024-11-21 15:51:38
1631991485,キミノハート,2022,牝,吉見真幸,2024-11-21 15:51:38,NULL,2024-11-21 15:51:38
1251742134,コパノヴィンセント,2022,牡,上原博之,2024-11-21 15:51:38,NULL,2024-11-21 15:51:38
1675556671,ハッピーマン,2022,牡,寺島良,2024-11-21 15:51:38,NULL,2024-11-21 15:51:38
1640048958,ヴィグラスデイズ,2022,牡,村上正和,2024-11-21 15:51:38,NULL,2024-11-21 15:51:38
1398868245,シャインミラカナ,2022,牡,北出成人,2024-11-21 15:51:38,NULL,2024-11-21 15:51:38
1953557290,マナヴァルキューレ,2022,牝,坂本和也,2024-11-21 15:51:38,NULL,2024-11-21 15:51:38
1500489490,ベラジオドリーム,2022,牡,田中正二,2024-11-21 15:51:38,NULL,2024-11-21 15:51:38
1408914349,コスモストーム,2022,牡,北出成人,2024-11-21 15:51:38,NULL,2024-11-21 15:51:38
1353790116,アイアンムーン,2020,牡,玉垣光章,2024-11-21 15:51:38,NULL,2024-11-21 15:51:38
1275235304,アクロスザシーズ,2021,牝,森澤友貴,2024-11-21 15:51:38,NULL,2024-11-21 15:51:38
1170878876,アーニャワクワク,2021,牝,田村彰啓,2024-11-21 15:51:38,NULL,2024-11-21 15:51:38
1502165655,ジャコエマリックン,2016,牡,石橋満,2024-11-21 15:51:38,NULL,2024-11-21 15:51:38
1381879131,ミニマルデザイン,2021,牝,保利幸作,2024-11-21 15:51:38,NULL,2024-11-21 15:51:38
1590871444,ゴールドマイヤー,2018,牡,中塚猛,2024-11-21 15:51:38,NULL,2024-11-21 15:51:38
1011603796,カワキタボーダレス,2021,牝,永島太郎,2024-11-21 15:51:38,NULL,2024-11-21 15:51:38
1928263890,ゼラスエフォーツ,2020,牝,有馬澄男,2024-11-21 15:51:38,NULL,2024-11-21 15:51:38
1103975137,ヒマリン,2020,牝,藤川純,2024-11-21 15:51:38,NULL,2024-11-21 15:51:38
1940349014,リュウノヒナコ,2019,牝,山口浩幸,2024-11-21 15:51:38,NULL,2024-11-21 15:51:38
1310908748,フージャオ,2018,牝,尾林幸二,2024-11-21 15:51:38,NULL,2024-11-21 15:51:38
1575223421,サンピアノソナタ,2021,牝,田中一巧,2024-11-21 15:51:38,NULL,2024-11-21 15:51:38
