2813737548,本橋孝太
2736564784,室陽一朗
2084571874,見越彬央
2620144936,中島良美
2036822249,野畑凌
2030595423,福原杏
2663770770,加藤和博
2949886835,秋元耕成
2732959893,岡村裕基
2824260382,木間塚龍
2705128483,増田充宏
2631532192,保園翔也
2026704917,森泰斗
2031621886,篠谷葵
2671865006,千野稜真
2670509739,吉留孝司
2207759201,高橋哲也
2732510979,岡村健司
2033827438,藤江渉
2617984990,七夕裕次
2674760877,和田譲治
2724967523,實川純一
2009244923,Ｍ．ミシ
2684577754,国分祐仁
2031092408,笹川翼
2662215029,吉原寛人
2638630815,仲野光馬
2729019848,山崎誠士
2663465987,半澤慶実
2836990550,橋本直哉
2760025860,御神本訓
2976101905,笠野雄大
2731207653,山林堂信
2034526198,西啓太
2641912702,佐野遥久
2923825998,町田直希
2861709003,池谷匠翔
2140243979,野澤憲彦
2725027400,山中悠希
2030127314,落合玄太
2651228998,内田利雄
2881544680,澤田龍哉
2742224833,庄司大輔
2637540724,今野忠成
2726811235,山口達弥
2036398147,酒井学
2814269690,松戸政也
2008946310,Ｃ．デム
2833102810,横山和生
2026405609,菅原涼太
2024378567,張田昂
2633097255,丸野勝虎
2664117251,加藤聡一
2709579426,大畑慧悟
2699974255,塚本征吾
2806669099,木之前葵
2829742687,横井将人
2621356350,今井貴大
2710009669,大畑雅章
2812584085,望月洵輝
2701381895,大原浩司
2663754940,加藤利征
2628672214,丹羽克輝
2167352242,長江慶悟
2664198301,加藤誓二
2807922874,村上弘樹
2023973657,岡部誠
2978668581,細川智史
2665898393,友森翔太
2023204662,宮下瞳
2960511399,筒井勇介
2734835998,山田祥雄
2727382735,尾崎章生
2804278980,明星晴大
2026281044,柿原翔
2617528675,佐々木世
2210737927,高畑皓一
2024267169,廣瀬航
2735053314,山田雄大
2175577528,長谷部駿
2815445446,松本幸祐
2815390675,松木大地
2222104462,鴨宮祥行
2667152441,吉村智洋
2703628969,大山真吾
2706154199,大柿一真
2702069397,塩津璃菜
2868188887,渡瀬和幸
2731082165,山本咲希
2163631362,長尾翼玖
2023578610,小牧太
2815278434,杉浦健太
2690688597,土方颯太
2030246768,石堂響
2964433411,竹村達也
2969562017,笹田知宏
2737292255,川原正一
2626176666,中田貴士
2019893138,下原理
2026641631,板野央
2737273619,小谷周平
2799675869,新庄海誠
2731141210,山本屋太
2619276966,井上幹太
2930733597,田野豊三
2845408216,永井孝典
2623385733,仲原大生
2739592864,川島正太
2047445012,藤本現暉
2090542222,谷内貫太
2731126184,山本大翔
2023741016,岡田大
2731436762,山本聡紀
2664305439,加藤雄真
2631969002,中越琉世
2105861378,赤津和希
2029478495,田中涼
2039993862,鷹見陸
2664132252,加藤翔馬
2207857135,高橋愛叶
2703951079,大山龍太
2024306101,幸英明
2101764977,赤岡修次
2685753490,坂井瑠星
2822626795,服部茂史
2628408682,亀田温心
2952591659,秋山稔樹
