1125676837,ポウナム
1760106975,リアリータイト
1756970414,ジョーサルーテ
1148190815,マーチオブタイム
1106547537,ピノヌイ
1732447050,キミニメロメロ
1292731946,ソルトミル
1100633698,ボールドチャー
1658261599,ベニノレーヴ
1128507507,プロンプトノア
1810758156,アムールベル
1002329137,コギャル
1036554764,エクスプロア
1811407945,アイアンオー
1030624592,ゴールドバニー
1243024144,フミタツビックボス
1248103891,ドーバーファルコン
1216959648,フリュート
1213365052,ケリードラゴン
1275542521,マーヒナヒナ
1731781906,モズマスターピース
1023754418,ナリタアンビション
1788835238,ニシノテンカフブ
1101361084,スタークイック
1847450572,キョウエイバジル
1486731037,コウユーミューミュ
1489139443,オリエンタルマック
1681102048,レッドディア
1363146841,ハーシュミストレス
1588900368,ブラックアスラーダ
1605795877,シェナアップル
1561960596,ティナバローズ
1467588933,セオリーセンス
1141411834,シバノエスコドール
1578392935,ブーシェノワール
1489550140,ユウユウロザリウム
1028182876,プリスマティカ
1376361707,ダイノメロディ
1004580538,ダイバヤタガラス
1801923348,マッサーノ
1971345244,カシノナイスガイ
1866156648,ハクアイラガッツァ
1747342547,ネライウチ
1341893196,ハクシンドラゴン
1489229647,ナリノルル
1624204579,アンブレラダンス
1283293601,ミカサ
1240134196,ドローアプローズ
1077580096,マインドブロン
1548189646,トクシーカグヤヒメ
1886664640,ディアモンクール
1648716971,マリークロード
1236285231,エターナルジュエル
1288942380,ササキンポピー
1960292786,ピノモラーン
1134139437,マチルダ
1077063737,カリグラフィー
1360595752,イエローベル
1879072211,ウインプロヴァンス
1621551437,キスアンドテル
1376447245,ビップライアン
1234065530,スイフトマリー
1194448031,エターナルジェイド
1662272902,ネオアンコーラ
1403720030,ソブリンルーラー
1519724255,イスラデルノルテ
1444280827,カネトシアンカー
1077419181,クインズミラ
1570359880,ユイノパチョレック
1281354301,テンロ
1720548355,フリアンディーズ
1447454814,シルバーペコ
1811044196,レジーナデッラネラ
1918716328,タツノキセキ
1304657257,リュウノリエゾン
1829024064,シェヴロンケリー
1469295814,ローゼシュティア
1144352132,ユウユウプルニーマ
1416224349,マイネルグローリエ
1597906196,ビコーズウイキャン
1291683121,ロードオブイサチル
1039373244,アムレート
1920504890,エーテルノカゼ
1787051387,ヴァンクールシチー
1742824858,アルヴァレス
1537640049,ユッカラン
1679384456,サンタアナテソーロ
1942229366,クラッチタイム
1246929943,リュウノアスラーム
1242734578,シェナブライト
1019694979,ハクサンクラーケン
1009342474,エリコーハク
1997406783,セイウンシデン
1426048740,キューティロメラ
1468698080,プレストルーチェ
1891417986,ピノホホッア
1569764467,エナジーポコアポコ
1161475469,ハピネスマインド
1093884959,トライファン
1412441022,アイスヴィスタ
1902930657,ワンモアエフォート
1710347059,アンジュレイ
1795234595,グランギフト
1120530037,プラズマ
1084507572,サブリュウシン
1694967773,ガウリシャンカール
1637938868,ディアセオリー
1836005641,メイショウフンジン
1725705913,スリーヘリオス
1524353641,ナニハサテオキ
1364993160,サヨノグローリー
1273391246,アイブランコ
1518833646,アウトレンジ
1279261544,ディクテオン
1599557643,ダイシンピスケス
1295801107,ライトウォーリア
1114766792,オウケンムーン
1032497982,サノノレインボー
1134211748,ビナミトー
1999384849,ルッキズム
1278406801,オニバ
1158544987,ゴープラチナム
1180068656,キョウエイカリーナ
1778062277,シェナクラウン
1974687311,ラヴィンツァラ
1406076546,ソーヴキプ
1882822068,ジェネシスミザール
1444698832,エコロウォーリア
1508256853,ロバストネス
1358147534,フィーユポワソン
1973770843,アフロマン
1209976792,マジックワールド
1290401222,ルコビューティー
1977448836,オジョウ
1128154237,マイソラ
1605038111,ハーレッドシューズ
1237348776,オブリージュ
1716206156,アービトレーション
1521608543,カンバセーショナル
1101382732,ヤマジョーカ
1335714480,カムイパパイヤ
1276141447,ギフトフォーユー
1906353318,ポーラスター
1638527830,ディクスミュード
1085524537,ハクシュ
1256497457,ユウトザルンルン
1171117237,リトミコ
1660687750,ワンダホー
1185442920,イイクニアシェル
1003998412,ポーラーシュテルン
1915284040,メイショウアユカゼ
1290357547,ザッフェラーノ
1078309245,グラッシー
1828943261,エンタブラチュア
1343702749,ムーンボウ
1768136209,シカンスイヨウ
1112980885,サンライズアザール
1494935064,ヴァンショー
1230696516,ヤマタケプレーダ
1426796478,クールシェリー
1856788974,ノーマンズランド
1872095619,アノヒノアヤマチ
1236401124,ポンドレイディ
1086660095,メイショウコフデ
1949873248,ポラライズ
1999946216,シーグリント
1051281749,マルボルド
1429771810,アースウォーリア
1690495853,ビクトリーフォース
1756694967,グランドフューチャ
1287918904,マルモリトマホーク
1264390739,タマモルピナス
1700376532,スマートレパード
1853659692,フッカツノコロアイ
1130488845,パルパルマジック
1178794226,ダイノハイド
1035606934,タミーノーラ
1614281502,ダイセンボルト
1668706743,アイタロオ
1303425953,カワテンマックス
1163529336,アマノカグヤマ
1279770980,カムイノウタゲ
1159050786,スイッチブレード
1212113094,エイシンラージヒル
1309453388,アークショコラ
1979528282,サンヨウドラゴン
1634111128,アイファーニケ
1097218844,アルヒルム
1311734891,サイコロチャン
1270747870,カイブルーノ
1884335581,フィッツロイ
1367350443,ミランダアスール
1633725926,ヴィーナスウインズ
1075074686,サンライズブラスト
1057279536,リックルイコン
1534596194,ゼンダンサクラ
1133013962,グランパープル
1669310041,ビーチハイボール
1253674188,アーキトラオム
1934500127,ホワイトリバー
1250474901,ベビーヨーダ
1621135335,ミルキーメモリー
1243819024,クリノフロンティア
1005765887,キンコンテーラー
1004540048,エイシントレボン
1666132150,アナザーゴースト
1485154211,マッダレーナ
1016013637,サブリエ
1618863855,ピアレイジレディ
1487538326,メイクスマイル
1861157515,ホーリーウェル
1283415495,グラスチアー
1842360386,マイネルボレロ
1543339842,ミリオンジェンヌ
1905761859,アンバサダー
1757148556,リシャールウィン
1626392873,ベゼルファセット
1463202547,エイシンウクラン
1282601012,ミストーザイ
1952370877,サントリーニブルー
1562299115,ジャコムスビ
1289132346,ソルセルリ
1528069025,ナンゴクジャックス
1883114581,ビックコック
1971827466,パキラスイート
1023900888,アーキハッカー
1850246048,ミスレモン
1163104720,ノリノリブリランテ
1868400823,セイスカーレット
1847978605,テルケンレンシャチ
1819310728,バウアピアーズ
1886685404,インカノメザメ
1739783409,ビシュウビシュウ
1511876906,シャランガーナ
1924936047,フェアリーハイ
1114245983,オンワードセルフ
1851333916,タイクーンバゴ
1807313425,リョウライライ
1216572441,メイショウサキガケ
1547731000,タイミングハート
1148269844,イブシギン
1766239516,ブルーテネーシャス
1836824469,スターライトブルー
1226166521,ソングフォーマーヤ
1844361961,プロミシングギャル
1467618761,ネオアリシア
1261131780,ゴラッソゴール
1772681069,ショウナンナツゾラ
1909348643,アナンクス
1028691937,セセラギ
1195410953,リードブロー
1982633436,エンパス
1179198065,ヴェッツラー
1098162895,テイエムオードリー
1733266904,シゲルノヴァ
1794830263,イルデポート
1762982149,ハングリーゴースト
1122962534,エストレリータ
1171981137,レガーミ
1362878397,ブルーウィン
1068061416,ボールドライ
1490639312,ラヴラブクロフネ
1463023063,ナムラエヴァ
1739652069,グレイウェザーズ
1040010928,マイフォーエバー
1280932235,ビッグベッター
1462242878,カフジリブラ
1110166844,エッシャー
1785097906,レッツプロミス
1073645843,トラヴォルジェンテ
1084623795,メイショウクモジ
1696342417,オーリプカレディ
1694704541,メイショウバイラン
1781650249,コスモプルエバ
1194209263,クリプティクコード
1786637967,スターインステルス
1644971626,フロストシティ
1482839119,レーヴエスポワール
1046525624,マコトヤマンバギリ
1005311314,レディーディーバ
1581941202,マコトエトルリア
1248344847,トモココア
1519495159,ジャスティラック
1797093745,ジョウネツ
1464539152,モンサンオブライト
1123930650,ロザリアン
1041154300,シシ
1550280585,シャイニングギフト
1966441096,ハワイアンセーラ
1410069069,ミキヨウッドテール
1379717730,カイテキクラウン
1472089391,エートルドゥエ
1774005170,コモリロゼッタ
1765194245,スノーデイ
1514760036,スイレンチャン
1379515478,ブルドッグガール
1779386228,セファイドループ
1641102675,エンゲツトウ
1745065519,ワンライトサン
1972145020,シュヴァルツスター
1762354103,フークイーラン
1810270090,ビッグリヴァーサル
1332814582,グレイトモーニン
1590242628,フークミャオリー
1284520701,ラフト
1593065947,エイシンキマイラ
1680427784,エイシンブギーマン
1978367774,ナリタイチモンジ
1025363412,チェリーウラノス
1807664423,イヤーズストレイト
1992197194,アーテルナイト
1000227237,コウエツ
1233091376,サクラヴィグール
1674827426,シマノダイヤモンド
1731813404,ロイヤルホジャリ
1275449600,チェスターコート
1129567084,エイシンフォーラン
1641878450,アカキチノイレブン
1759650241,リスノワール
1191286196,サイドシュート
1995612344,クルゼイロ
1075777845,グラスピレ
1480458450,キングリッキー
1848033499,エールクイーン
1020527396,フレイムフォース
1186345654,サウンドヒーロー
1223005758,アルシャリフ
1899054168,ウルティマン
1168332764,ティアジャーカー
1123803958,ドーターオブナイル
1879279939,バタフライロック
1026959843,ライブリテックス
1119005157,デルマフゲン
1164556940,チョウゲンキ
1238182860,ジョーノベリスタ
1229621401,スターサファイア
1261658482,ビップルイス
1135998637,ホーギー
1637741505,シズカノウミ
1629396497,タスマンハイウェイ
1725733949,ヨッシャー
1979036907,ボニンブルー
1974100757,アフリカンリリー
1663894206,ワンダートリガー
1682308822,メイプルキャプテン
1437052547,ナムラハカ
1278411601,エリム
1014926364,テーオーロバート
1978740696,ハワイアンパレス
1142264190,ローザーブルー
1074008304,サニービーチ
1354084770,エピックデイ
1695524648,レッドレクス
1228176300,プロヴァーブ
1996996961,エイシンソル
1066257937,ドゥワー
1943459537,ジャスティンユウジ
1708486931,ハイプリーステス
1577204563,テーオーステラ
1668818182,タッケンウルル
1148469282,シンゼンハチマン
1111112995,メイショウマツリ
1762488656,ホワイトオニキス
1997679236,ギャラン
1772785177,マリーナサンライズ
1962423436,ウォニー
1604403668,エナノキセキ
1447435484,ワンダーアマルフィ
1053905437,ダンスケ
1662724625,ゼンダンノハゲミ
1293257431,ムーンローバー
1960019836,イセベイ
1665097447,エイシンコソンテ
1519826385,コスモスターリング
1562950599,サクラトップクロス
1465993552,ラインエミネント
1020169145,トーセンスプリント
1138003016,スピリトーゾ
1614746826,メリーセンス
1100772346,タオロマイ
1275131868,メロディメーカー
1169732264,ヴァガボンド
1110229237,ヘイスト
1540121749,スマートメイス
1037098892,ゴールドボンド
1292721736,ロングファイナリー
1768102615,ディスケガウデーレ
1509938157,トリニティノット
1487517152,メイプルシスター
1344964854,ルクスランページ
1541830379,ケンジーフェイス
1087563195,メイショウサトワ
1095496445,クーシェル
1977091946,ドゥグラン
1609315673,ピンクマーベル
1973228370,スマッシュヒット
1885340534,ダイヤモンドダスト
1978807268,ディアフリーゼ
1944705793,ヒナタレディー
1123165239,バインドロック
1944757764,エコロブレス
1036899568,ポッドヘイロー
1413070180,カムバルアタ
1675767981,フィオリーノ
1717987388,グッドライズ
1332885092,ワンダーサバイバル
1106863691,ティーズウィッシュ
1000931771,ユメデアエタラ
1494371539,ホーエンツォレルン
1847604340,ダノンレーニア
1002056637,クロゴウ
1455608693,リーヴルワンダー
1604711233,タマモキサキ
1481625507,スワルナパクシャ
1020431734,ファルコンベガ
1953425836,アショカ
1442173668,ワールドバトル
1458873680,ウイングラドナス
1076742617,スマイルケイ
1436673331,エコロアジェンダ
1381788447,ラララランランラン
1769602842,ホシプリンセス
1987220246,ドゥフタハ
1909064458,クインズカヤノヒメ
1835536159,ラーズグリーズ
1121634872,ナガタエナジー
1026977369,ジャスミンカーラ
1717545007,ビートルジュース
1418437117,シーメジャー
1041097600,アメ
1991335736,カヴァラ
1395037446,コングラツィア
1755208652,ワカメチャン
1593395515,ファイアスター
1275902139,ヨドノホマレ
1620662530,ハンティングギア
1821416376,ユーロックデュード
1346439449,ユアソーラ
1682361140,イチゴホイップ
1886281947,フォンテーヌパーク
1494320938,スカイパーフェクト
1324779391,カミヤガルーラ
1368326799,ワイルドダンク
1313721515,ユウユウグリュック
1027697616,ゲットデザイアー
1666261847,エイシンケンラン
1996099189,サンライズテソロ
1778216588,ブルートルマリン
1283271901,ボビン
1121997244,リュウノアーダーン
1499311494,ピースリアン
1495864483,シントーツバキ
1573345504,ダンストンムート
1039993313,メーネフロタント
1177841466,タカマルカート
1545248705,ワンダーフェンリル
1289896944,イルローザ
1860332712,サンシスイメイ
1054308200,プレパレンセ
1976271091,ラガッツァステッラ
1079474432,モーニングヒマワリ
1813389165,エイシンエメラルド
1699986666,アイアムカチマショ
1635686219,コパノステファニー
1013882408,エリークラウン
1721453367,イデアガウディ
1321428771,クーネルアソブ
1996291144,クレウーサ
1333756844,クインズハッピー
1635218199,シノブデスティーノ
1622295872,エムリエール
1962636373,ナーヴィスゼータ
1279670136,パンプルミュゼ
1137152378,シェナノパリオ
1149463294,ツウエンティフォー
1999420636,クマノコ
1601696315,ファイアトーチ
1316309401,ルナフォルトゥーナ
1174382548,ビバワセダ
1072800329,バトルホッパー
1867145380,バリブラック
1006335053,キングフリオーソ
1590978903,アルティメット
1065445937,ツワモノ
1217490688,エーティースピカ
1046039477,デアフリンガー
1882767013,ツーエムルーイー
1069776817,パクスジャポニカ
1805910808,ポップコーン
1714627149,コスモパンドラ
1345204018,マオノオラクル
1158747037,ユヅルハ
1877055871,ヌンヌンシー
1263069147,ナツハヨル
1208988887,ジオヴィグラス
1075235130,モナークスラッガー
1696288494,タイムトラベラー
1149803367,ニューレトロ
1524640578,キミトユメヲカケル
1085343712,マテラガニア
1791318234,スモークフレイバー
1043209248,エイシンネクタル
1587312501,スターサルファー
1329507449,メロスゴー
1045484704,オーマイオーマイ
1480399405,マスクドサムライ
1975065628,アウトパフォーム
1786429779,カズオルヴァル
1905932548,ミティエラ
1795379480,ヴェルデヴェント
1282230301,ヒテン
1331035588,パールアゲイン
1256695169,ラブリアージェ
1357335636,ロードアブソルート
1166663844,オークハンプトン
1317518677,ニヨドスマイル
1228012183,ビナサクセス
1080240296,セイウンパワフル
1551320509,ティーファイブ
1768345142,ビッグショータイム
1042421480,スパルタレオニダス
1157091732,サンレブンワース
1563459684,ガラデレオン
1575650048,ベルガラス
1035135788,コスモビートイット
1424020875,コルテデフィート
1009274945,クロダブシ
1662552178,カラフルフレスコ
1846383039,ライコウノヒカリ
1318687662,グローリアスメイ
1660186429,ニシノシャイニング
1089331432,プラウドコラゾン
1756305942,マイネルアットーレ
1685520401,クレアツィオーネ
1038632837,ダイキリ
1965106909,アールアンドビー
1783592703,レディマジェスティ
1404370191,アースヒロイン
1473089067,ウインセレーネ
1324393146,ダックリン
1096434348,ボスコヴェローチェ
1399756782,ケイプグッドホープ
1453457948,レッグスルー
1473174927,エスケイプラン
1171211937,ラプンタ
1604736002,ダイセントロワ
1105044748,ブナシメジ
1675474371,ハッピーベル
1177595193,クロスロード
1271505828,モストロネーロ
1096782069,アルーリングソレル
1334433182,ホームアンドドライ
1300596494,ロードスタウト
1456087696,ブリエロード
1013122053,ビクトリーキャッチ
1046262980,レオボンバイエ
1899416315,ロードクリーガー
1775663282,オーブラボー
1834746776,ウィズユアハート
1107283546,タキトゥス
1798775571,サブリナワルツ
1575333613,クリノエクリプス
1283023401,ヘルト
1053060234,フラッシュドロー
1185666088,ヴォーグアルタイル
1808387368,モーニングスカイ
1242031016,ウォーターストンプ
1284276001,ヤーゴ
1030108292,フミソニック
1289709696,ウォーターアレ
1963009291,ルヴォンサンライズ
1311033464,フッカツノチギリ
1255351881,ユイノペニーワイズ
1840302504,コンジュラー
1745340533,シルクニードル
1199442164,ウィージャスト
1739470290,マルモリハピネス
1090558896,クールフレア
1002153522,サノノミッキー
1132315174,エルキュール
1972767273,イルプリンチペ
1842692403,アルディオール
1123087448,ビーガール
1258226614,ハッピーギフト
1803473748,ラヴィデクラ
1145786220,ヤモリアツマレ
1791530049,コーリンマジェリー
1945235869,クリスマスイヴ
1199881557,スパイキーボウ
1005110329,ジュンフィレンツェ
1483473649,エターナルキング
1785309899,キタノポリッシュ
1459948463,ナムラアダム
1219418275,クリノトパーズ
1878138364,インセンブレ
1989212842,ランオブザワールド
1082838595,モンデフェリシティ
1222749648,ココナッツナッツ
1106227937,ピナーカ
1182042737,ルヴェネ
1599138541,メイショウトレック
1979015031,オールラウンダー
1010572275,アキノイロクサ
1114722344,オイデメセ
1359286265,サイモンモーニング
1307025147,トリブート
1979330536,カゲロウ
1176160937,リュウコ
1813918575,ウォーオブサウンド
1696713056,ユウトザアシゲ
1873061735,フィールドゲラン
1020984188,コーリンカルベラ
1871577909,キャラメルショコラ
1260163538,キャンディタフト
1519277213,クスノキワーク
1905575082,タマモエイトビート
1332788501,フクノデイジー
1456722982,カラードレス
1717201647,ヌンカプト
1007969736,ノーブルガルフ
1102154992,オウケントップ
1696040410,ダバイグラスノスチ
1481898828,ストレンジャー
1425721079,ココロノエンジェル
1715543373,イントゥザファイア
1467922237,ラグナキリア
1253118928,エドノストリート
1367796944,エルーシア
1701974945,シャローム
1148866624,キャッチザロマンス
1278826601,ケイカ
1441572361,カツゲキウマムスビ
1354626694,ココロオドル
1140419461,ミストラルウインド
1847800886,マイネルラック
1470376195,ケンドチョウライ
1742160583,セイエクシード
1343727100,キージュピター
1008971460,ファルコンウィング
1455266158,アルバーシャ
1526750085,カールポメロ
1974187165,オラヴェリタス
1247106865,レアリーズレーヴ
1374034179,マッドルーレット
1873729445,ラッキードリーム
1699121905,ラジカルバローズ
1089370092,セイヴァリアント
1652472685,ベルウッドグラス
1736958574,ダンシングラブリー
1437311561,エアアルマス
1792459788,マンダリンヒーロー
1251649397,アンタンスルフレ
1283888301,メルト
1338350083,ミトノウォリアー
1237176532,シャイニーロック
1123887250,サーブルクーリエ
1483485747,イーストベンティ
1968094436,エウロス
1935248445,ジーファー
1921970263,サクリファイス
1486249012,ドラゴンキッド
1381152145,コルヴィル
1265384535,ビッグブロック
1516868205,シスコスター
1252208866,シトロンヴェール
1132580173,コズミックコール
1507001449,エターナルブルー
1255133348,エイシンペネロペ
1272262942,メイショウロールス
1296825915,コロコロラスク
1349627715,リュウワンヒメ
1283896201,メロス
1739082942,レイドフルール
1525440052,バイアスペクター
1057759553,フェザースカイ
1346247251,ドリームチェイサー
1066341532,スマートキャノン
1014552537,サノワン
1063855254,フェズンツアイ
1092790637,ヒイラギ
1450223836,リケアネーブル
1312079502,エリュシデータ
1254748548,ペイバスク
1870375547,フェイスナイン
1755278234,ヤマニンフィリア
1013975937,サノケン
1137878909,ヴィンチトーレ
1724416129,タナバリアシハヤイ
1111748721,ウィステリアダディ
1967732020,ゲンパチシャドウ
1335857018,マルテラート
1462129500,モリデンジュウドー
1937671971,パインピーチ
1030714595,パルマノーヴァ
1740665086,ヒロナミカゼ
1425865906,ワンダースパイン
1980876390,パラジウムリボン
1289937948,ブラスター
1283319401,マタギ
1077677444,アラジャイ
1082729174,ゲイジュツガクブ
1688466819,ダイニセンタセーラ
1190785464,ララヴァシュラン
1617139347,グラスヴィガー
1561633350,ウエルカムキリシマ
1057159617,ニシノウインド
1058203164,ムビョウソクサイ
1288713930,ガミラスソロモン
1088537598,シャトーボビー
1726169878,ノーフェイク
1048462664,ジェイエルマリーナ
1759014533,ユナクレバー
1838498405,ヤマイチラブリー
1408860939,アトムヴェローチェ
1183611850,ルミリオン
1002957877,ヒシアラカン
1609854934,ペレストリーナ
1917740450,ラガーヴィーヴ
1732217848,マジェンカ
1627876261,テクノハッピー
1742386694,ラディアントホース
1696174402,シェナダンス
1521291884,テーオーロビンソン
1555697690,ブラッドショー
1011567765,ミユキマーベリック
1339711514,ミラクルキャッチ
1522965490,ブディナラン
1960902959,ウィリデシルバ
1782857981,スエヒロイナズマ
1158141323,モデルチャン
1734916315,スパークロス
1467598258,アルフェニン
1071774351,ヴラマンク
1891235753,テリオスノア
1543578241,ジューンクエスト
1746026877,シェナクィーン
1153863318,インビジブルタッチ
1407864279,フライウィズミー
1027183260,マリノマジカル
1939791337,ジャスティンマリブ
1571018550,マイネルコモドーア
1930440552,トゥームレイダー
1464420606,ランスオブビーナス
1610995015,ファイアボルト
1801925502,ナリタサフラン
1620119875,キアロヴェローチェ
1104398581,サトノハルモニア
1346881190,ギルトエッジ
1980934190,アグネスリュウ
1327861056,ラプンツェルムーン
1003246468,ハギノアネラ
1680507548,マクギリス
1062579264,エクソソーム
1404631338,イマナンジャナイ
1688577311,スターファイター
1671432342,テイケイヴォーグ
1602318583,ストロングジェット
1836854065,トロワシャルム
1372009295,コスモタイシ
1764282389,サトノドルチェ
1207535894,カネミツエース
1277104880,クレスコサンダー
1684359823,タイヘイノヨ
1919893682,ロッカバラード
1007408348,エイシンマシーン
1084309644,トリプルスリル
1916532601,ルソルティール
1688865402,シェナキング
1166103160,キングレジェンド
1817472353,ブエラフェルテ
1060688436,ホクザンゴールド
1807262717,エイシンリヒト
1194651124,クリノメガミエース
1760989752,コンドリュール
1231199524,ジーニアスレノン
1677601191,ヤマニンシュラ
1662896213,サンジュウロウ
1160955366,ラピドフィオーレ
1631991485,キミノハート
1251742134,コパノヴィンセント
1675556671,ハッピーマン
1640048958,ヴィグラスデイズ
1398868245,シャインミラカナ
1953557290,マナヴァルキューレ
1500489490,ベラジオドリーム
1408914349,コスモストーム
1353790116,アイアンムーン
1275235304,アクロスザシーズ
1170878876,アーニャワクワク
1502165655,ジャコエマリックン
1381879131,ミニマルデザイン
1590871444,ゴールドマイヤー
1011603796,カワキタボーダレス
1928263890,ゼラスエフォーツ
1103975137,ヒマリン
1940349014,リュウノヒナコ
1310908748,フージャオ
1575223421,サンピアノソナタ
